source,title,description,url,publishedAt
On The Banks,Rutgers vs Washington Recap + No.8 Oregon Preview w/ Gabe Pickup from VOCF,TBMR’s Rutgers vs Washington recap w/ Gabe Pickup from VOCF,https://www.onthebanks.com/podcasts/47507/rutgers-vs-washington-recap-no-8-oregon-preview-w-gabe-pickup-from-vocf,2025-10-13T23:52:34Z
New York Post,NYC Wine & Food Festival could boost struggling South Street Seaport,"Now in its 18th year, NYCWFF runs this Wednesday through Sunday and has an all-star lineup led by Jean-Georges Vongerichten.",https://nypost.com/2025/10/13/business/nyc-wine-amp-food-festival-could-boost-struggling-south-street-seaport/,2025-10-13T23:50:34Z
Breitbart News,Exclusive -- 'We Can Clean Up Our Streets Tomorrow': Rep. Gill Gives the Simple Solution to Solving Crime,"On Monday’s “Alex Marlow Show,” Rep. Brandon Gill (R-TX) talked about crime. Gill stated, “We can clean up our streets tomorrow, if we’re willing to actually lock up criminals and thugs who shouldn’t be on the streets to begin with.
The post Exclusive — ‘We C…",https://www.breitbart.com/clips/2025/10/13/exclusive-we-can-clean-up-our-streets-tomorrow-rep-gill-gives-the-simple-solution-to-solving-crime/,2025-10-13T23:48:02Z
Breitbart News,"Exclusive -- Rep. Gill: Yes, The Democrats Literally Shut the Government Down to Give Healthcare to Illegal Aliens","On Monday’s “Alex Marlow Show,” Rep. Brandon Gill (R-TX) talked about the government shutdown. Gill said that the funding deadline was known and Republicans wanted a clean continuing resolution to give themselves more time to pass budgets, and “Democrats resp…",https://www.breitbart.com/clips/2025/10/13/exclusive-rep-gill-yes-the-democrats-literally-shut-the-government-down-to-give-healthcare-to-illegal-aliens/,2025-10-13T23:48:00Z
Peanutbutterrunner.com,Weekend + Marathon Training Update,"Hello, hello! I hope it was a great weekend for y’all and that the new week is off to a great start. I’m popping in with a quick weekend recap and an update on marathon training before I head out to teach a hot sculpt class. I just went waaaay down the Instag…",https://www.peanutbutterrunner.com/weekend-marathon-training-update/,2025-10-13T23:36:54Z
Biztoc.com,Elon Musk Targets Hardware and Software With New Microsoft Competitor,"Elon Musk has set out an expansive brief for “Macrohard”, a platform initiative incubated within xAI that he says will span software and steer hardware ecosystems through partners, much like Apple.
In a post on X, Musk wrote the following:
“The @xAI MACROHARD…",https://biztoc.com/x/aab8b89bcb9f3156,2025-10-13T23:36:36Z
Finextra,Why Banks Should Reconsider Offering Rewards on Debit Card Purchases,"For many years, rewards programs have been synonymous with credit cards. From airline miles to cashb...",https://www.finextra.com/blogposting/29545/why-banks-should-reconsider-offering-rewards-on-debit-card-purchases,2025-10-13T23:33:26Z
Yahoo Entertainment,"Stock market today: S&P 500 and Dow rise, Nasdaq slides as US-China tensions simmer, big banks report","China upped the ante in its trade spat with the US, rattling investors' nerves as big Wall Street banks kicked off earnings season.",https://finance.yahoo.com/news/live/stock-market-today-sp-500-and-dow-rise-nasdaq-slides-as-us-china-tensions-simmer-big-banks-report-233314867.html,2025-10-13T23:33:14Z
Yahoo Entertainment,"Stock market today: S&P 500, Nasdaq slide as US-China tensions simmer; Dow steadies as big banks report","China upped the ante in its trade spat with the US, rattling investors' nerves as big Wall Street banks kicked off earnings season.",https://finance.yahoo.com/news/live/stock-market-today-sp-500-nasdaq-slide-as-us-china-tensions-simmer-dow-steadies-as-big-banks-report-233314488.html,2025-10-13T23:33:14Z
Yahoo Entertainment,"Stock market today: S&P 500 and Dow turn higher, Nasdaq dips with Fed's Powell, China tariff tensions in focus","China upped the ante in its trade spat with the US, rattling investors' nerves as big Wall Street banks kicked off earnings season.",https://finance.yahoo.com/news/live/stock-market-today-sp-500-and-dow-turn-higher-nasdaq-dips-with-feds-powell-china-tariff-tensions-in-focus-233314697.html,2025-10-13T23:33:14Z
TechNode,Vivo unveils X300 series with 200MP Zeiss cameras and MediaTek Dimensity 9500 chipset,"Chinese tech firm Vivo on Monday launched its annual flagship, the Vivo X300 series, in Shanghai. Centered on the concept of a Zeiss 200MP imaging system, the lineup includes both a standard and a Pro model. Coinciding with the 30th anniversary of the Vivo br…",http://technode.com/2025/10/14/vivo-unveils-x300-series-with-200mp-zeiss-cameras-and-mediatek-dimensity-9500-chipset/,2025-10-13T23:28:06Z
Trendir.com,28 Vintage Halloween Decor Ideas That’ll Make You Panic-Decorate Before They’re All Gone,"Take a trip back in time with spooky style that never goes out of season. These 28 vintage Halloween decor ideas are nostalgic, whimsical, and full of old-school charm—featuring classic black cats, retro pumpkins, and antique-inspired accents that bring timel…",https://www.trendir.com/vintage-halloween-decor-ideas/,2025-10-13T23:25:15Z
New Zealand Herald,Rockit apple grower Rākete Orchards in voluntary administration,Chair Tony Hawken said low returns and high costs forced the administration.,https://www.nzherald.co.nz/business/companies/agribusiness/rockit-apple-grower-rakete-orchards-in-voluntary-administration/PNH4JTBZHBHLTLPF7XAMS5U474/,2025-10-13T23:15:14Z
Purenintendo.com,Review: PAC-MAN WORLD 2 Re-PAC (Nintendo Switch 2),"A hit sequel across the sixth generation of video game consoles, PAC-MAN WORLD 2 Re-PAC aims to scratch that nostalgic itch. Fans of 3D platformer collectathons will have “A World 
The post Review: PAC-MAN WORLD 2 Re-PAC (Nintendo Switch 2) appeared first on …",https://purenintendo.com/review-pac-man-world-2-re-pac-nintendo-switch-2/,2025-10-13T23:11:13Z
Mactrast.com,Apple Seeds Third Beta of macOS Tahoe 26.1 to Developers for Testing,Apple today seeded the third beta of macOS Tahoe 26.1 to developers for testing.Read More...,https://www.mactrast.com/2025/10/apple-seeds-third-beta-of-macos-tahoe-26-1-to-developers-for-testing/,2025-10-13T23:06:09Z
GSMArena.com,Apple found a way to make the iPhone Fold's hinge much cheaper than expected,"Apple is widely expected to release its first foldable smartphone next year. The iPhone Fold's hinge is now rumored to be much cheaper than previously anticipated, according to Ming-Chi Kuo, an analyst who's always been very well connected with Apple's supply…",https://www.gsmarena.com/apple_found_a_way_to_make_the_iphone_folds_hinge_much_cheaper_than_expected-news-69897.php,2025-10-13T23:02:02Z
Just Jared,"M. Night Shyamalan Reveals His Next TV Project Is 'Magic 8 Ball,' A Supernatural Thriller Based On the Iconic Mattel Toy","M. Night Shyamalan is working on a live-action television show based on the iconic Magic 8 Ball! The 55-year-old filmmaker is teaming up with Brad Falchuk—known for shows like Glee and American Horror Story—and Mattel for the new scripted series, reports Dead…",https://www.justjared.com/2025/10/13/m-night-shyamalan-reveals-his-next-tv-project-is-magic-8-ball-a-supernatural-thriller-based-on-the-iconic-mattel-toy/,2025-10-13T23:00:33Z
The Union Leader,Union Leader Athlete of the Month: Windham's Greenleaf captured Stroke Play title with late surge,Connor Greenleaf knew he needed a pretty low number to get back into it. The 29-year-old Windham resident posted the lowest round score of the tournament and then won a three-way playoff hole to secure the New Hampshire Stroke Play Championship on Aug. 7 at B…,https://www.unionleader.com/sports/golf/union-leader-athlete-of-the-month-windhams-greenleaf-captured-stroke-play-title-with-late-surge/article_204ee459-6a81-400f-8d0b-9a1c6ad34dc3.html,2025-10-13T22:46:00Z
Ozbargain.com.au,$100 for Referrer & Referee for Opening Orange Everyday & Savings Maximiser Accounts (Min Deposit & Spend Required) @ ING,"Here's what you need to do to To earn that sweet bonus for you and the friend who referred you. Plus, start enjoying the benefits of our Orange Everyday and Savings Maximiser accounts. You will …",https://www.ozbargain.com.au/node/928534,2025-10-13T22:41:46Z
Biztoc.com,This Major Streaming Service Just Quietly Rebranded Overnight,"Key Takeaways
- Apple TV+ is no more.
- Apple has rebranded its streaming service to the not-very-different, Apple TV.
- The tech giant said the rebrand is a part of a “vibrant new identity.”
Apple quietly switched up its streaming service’s logo and branding…",https://biztoc.com/x/34dbf0973bf24e60,2025-10-13T22:40:54Z
RTE,'I'm probably the luckiest person in the world' - Lopes,Shamrock Rovers defender Roberto 'Pico' Lopes was still struggling to take in the magnitude of helping Cape Verde qualify for their first World Cup as he began a dash back to Dublin to be present for the birth of his first child.,https://www.rte.ie/sport/soccer/2025/1013/1538401-im-probably-the-luckiest-person-in-the-world-lopes/,2025-10-13T22:37:39Z
Yahoo Entertainment,Ignoring your Medicare Annual Notice of Change could cost you thousands,"Medicare's ANOC details critical 2026 changes to premiums, drug coverage, and provider networks. In the first of a five-part series on Decoding Retirement...",https://finance.yahoo.com/news/ignoring-your-medicare-annual-notice-of-change-could-cost-you-thousands-223347037.html,2025-10-13T22:33:47Z
TechRadar,The Pixel Watch 4 has been crowned the smartwatch king in one key area – even beating the Apple Watch,"Google is changing the game with smartwatch reparability, and Apple should take note.",https://www.techradar.com/health-fitness/smartwatches/the-pixel-watch-4-has-been-crowned-the-smartwatch-king-in-one-key-area-even-beating-the-apple-watch,2025-10-13T22:30:00Z
Mactrast.com,Apple Seeds Third Betas of iOS 26.1 & iPadOS 26.1 to Developers for Testing,Apple today seeded the third betas of its upcoming iOS 26.1 and iPadOS 26.1 updates to developers for testing.Read More...,https://www.mactrast.com/2025/10/apple-seeds-third-betas-of-ios-26-1-ipados-26-1-to-developers-for-testing/,2025-10-13T22:26:39Z
Slashdot.org,"Apple TV+ Rebrands to Apple TV, Ditching the Plus Sign for ‘Vibrant New Identity’ - Variety","Apple TV+ Rebrands to Apple TV, Ditching the Plus Sign for ‘Vibrant New Identity’Variety Apple TV Subtracts the + in a Quiet RebrandThe New York Times Apple TV Plus is being rebranded to Apple TVThe Verge Man Urinates on St. Peter’s Basilica Altar During Holy…",https://slashdot.org/firehose.pl?op=view&amp;id=179773400,2025-10-13T22:13:03Z
Trendir.com,26 Halloween Bedroom Decor Ideas You’ll Wish You Discovered Before October Hit,"Want to turn your sleep space into a spooky sanctuary? These 26 Halloween bedroom decor ideas are cozy, creepy, and hauntingly stylish — perfect for adding festive flair where you least expect it. From moody lighting to ghostly accents, these touches will hav…",https://www.trendir.com/halloween-bedroom-decor-ideas/,2025-10-13T22:12:46Z
Applech2.com,Apple、開発者向けに「macOS 26.1 Tahoe」や「iOS/iPadOS 26.1」のBeta 3を公開。,"Appleが開発者向けに「macOS 26.1 Tahoe」や「iOS/iPadOS 26.1」のBeta 3を公開しています。詳細は以下から。 　Appleは現地時間2025年09月15日、Liquid Glassデ […]
The post Apple、開発者向けに「macOS 26.1 Tahoe」や「iOS/iPadOS 26.1」のBeta 3を公開。 first appeared on AAPL Ch..",https://applech2.com/archives/20251014-macos-26-1-tahoe-and-ios-26-1-beta-3.html,2025-10-13T22:10:29Z
Applelinkage.com,「iOS 26.1」「iPadOS 26.1」「macOS 26.1」「tvOS 26.1」「visionOS 26.1」「watchOS 26.1」のベータ3公開,Apple Inc.が、「iOS 26.1 beta 3」（ビルド23B5064e）、「iPadOS 26.1 beta 3」（ビルド23B5064e）、「macOS Tahoe 26.1 beta 3」（ビルド25B5 … 続きを読む 「iOS 26.1」「iPadOS 26.1」「macOS 26.1」「tvOS 26.1」「visionOS 26.1」「watchOS 26.1」のベータ3公開 →,https://www.applelinkage.com/2025/10/14/ios-ipados-macos-tvos-visionos-watchos-26-1-beta-3/,2025-10-13T22:02:46Z
Sky.com,Got a pair of these? There's more to them than meets the eye - and it may mean global trade war,"Right now, about 70% of the world's rare earth elements - key to everything from AirPods to cars - are mined in China, which announced last week that anyone using Chinese rare earths would have to apply for a licence. This has been seen as a declaration of ec…",https://news.sky.com/story/got-a-pair-of-these-theres-more-to-them-than-meets-the-eye-and-it-may-mean-global-trade-war-13449786,2025-10-13T22:02:00Z
Worldsoccertalk.com,How to watch Costa Rica vs Nicaragua match in the USA: Live Stream and TV for CONCACAF World Cup Qualifiers,"Costa Rica take on Nicaragua in a crucial Matchday 4 clash of the CONCACAF World Cup Qualifiers third round. Fans in the U.S. can watch all the action live across multiple TV channels and streaming platforms.
 
Here are all of the details of where you can wat…",https://worldsoccertalk.com/watch-on-us-tv/how-to-watch-costa-rica-vs-nicaragua-match-in-the-usa-live-stream-and-tv-for-concacaf-world-cup-qualifiers/,2025-10-13T22:00:00Z
IndieWire,"‘F1: The Movie’ Is Finally Coming to Streaming, but Don’t Count on Other Apple TV Movies to Wait as Long","Joseph Kosinski's racing film 'F1: The Movie' with Brad Pitt has quietly done stellar box office, but the studio has lost interest in theatrical.",https://www.indiewire.com/news/analysis/f1-streaming-date-apple-tv-analysis-1235155658/,2025-10-13T22:00:00Z
Drive.com.au,2026 GWM Tank 500 PHEV review: Off-road test,"GWM’s flagship Prado competitor has gained plug-in hybrid power, but the power and EV tech it gains have compromises.",https://www.drive.com.au/reviews/2026-gwm-tank-500-phev-review-off-road-test/,2025-10-13T22:00:00Z
Fox News,Michael J. Fox doesn't want a 'dramatic' death after battling Parkinson's for 35 years,"""Family Ties"" star Michael J. Fox wished for a peaceful death rather than a ""dramatic"" one after battling Parkinson's disease for years. Fox was diagnosed at age 29.",https://www.foxnews.com/entertainment/michael-j-fox-doesnt-want-dramatic-death-after-battling-parkinsons-35-years,2025-10-13T21:58:49Z
sixcolors.com,"Apple TV+ gets a new, familiar name","A vibrant new identity.
As a little addendum to the press release announcing when “F1: The Movie” would be available to stream Apple changed the name of its video streaming service from Apple TV+ to… Apple TV:

 Apple TV+ is now simply Apple TV, with a vibran…",https://sixcolors.com/post/2025/10/apple-tv-gets-a-new-familiar-name/,2025-10-13T21:58:42Z
RTE,World Cup qualifying: Sorry Sweden suffer another loss,Sweden's faint hopes of qualifying for the World Cup were all but extinguished as the 2018 quarter-finalists fell to a 1-0 defeat against Kosovo in Stockholm.,https://www.rte.ie/sport/soccer/2025/1013/1538394-world-cup-qualifying-sorry-sweden-suffer-another-loss/,2025-10-13T21:58:25Z
MSNBC,"In a culture dominated by conformity, Diane Keaton was a true original","The death of Diane Keaton leaves a gaping hole in a culture now dominated by conformity, when entertainment feels unoriginal and uninspiring, and fashion is woefully propelled by trend.",https://www.msnbc.com/opinion/msnbc-opinion/diane-keaton-death-legacy-style-rcna237420,2025-10-13T21:56:42Z
Mactrast.com,"“F1 The Movie” to Make Global Streaming Debut on Apple TV on Friday, December 12, 2025","“F1 The Movie,” starring Brad Pitt, will make its global streaming debut on Apple TV on Friday, December 12, following its record-breaking theatrical run.Read More...",https://www.mactrast.com/2025/10/f1-the-movie-to-make-global-streaming-debut-on-apple-tv-on-friday-december-12-2025/,2025-10-13T21:55:19Z
Bringatrailer.com,Classic Roadsters Cobra Replica 5-Speed,"This Classic Roadsters Cobra replica is powered by a 302ci V8 equipped with an Offenhauser intake manifold, an Edelbrock carburetor, and long-tube headers. The car is finished in turquoise with white stripes over a black vinyl interior with low-back bucket se…",https://bringatrailer.com/listing/classic-roadsters-cobra-replica-5/,2025-10-13T21:55:12Z
Livinglocurto.com,Apple Cider Punch Buckets,"Cold Apple Cider Punch Buckets are a fun way to serve a large batch of punch for a group. Get creative with this easy fall punch recipe, individual drink buckets and fall patterned socks to wow your guests! These festive drinks are perfect to serve at a fall …",https://www.livinglocurto.com/apple-cider-punch-buckets/,2025-10-13T21:51:41Z
Chilledmagazine.com,5 Ways Bartenders Add Smoke Their Cocktails,"Smoky cocktails add drama and depth, and mixologists have found ways to infuse smoke into drinks that go beyond the classic “smoke the glass” trick. Here are five techniques to try, each paired with a cocktail that showcases the method. 1. Smoked Glass / Vess…",https://chilledmagazine.com/ask-a-bartender-5-ways-bartenders-add-smoke-their-cocktails/,2025-10-13T21:47:47Z
RTE,Preview: Dramatic night awaits with dream in balance,"Armenia put a major dent in Ireland's qualifying campaign, and now the eastern European side can potentially drive the final nail into the national team's World Cup ambitions.",https://www.rte.ie/sport/soccer/2025/1013/1538395-preview-dramatic-night-awaits-with-dream-in-balance/,2025-10-13T21:47:31Z
Bringatrailer.com,Modified 1996 Ford F-350 XLT Crew Cab Power Stroke 4×4 at No Reserve,"This 1996 Ford F-350 XLT is a Crew Cab 4x4 pickup that is powered by a 7.3-liter turbodiesel V8 and has been modified with a BD Diesel TP38 turbocharger and Turbo Guard blow-off valve, as well as Full Force 160cc fuel injectors, a Banks Power Techni-Cooler in…",https://bringatrailer.com/listing/1996-ford-f-350-109/,2025-10-13T21:40:09Z
TidBITS,Scrivener 3.5,"Long-form writing tool adds support for macOS 26 Tahoe. ($59.99 new, free update, 117 MB, macOS 11+)",https://tidbits.com/watchlist/scrivener-3-5/,2025-10-13T21:39:37Z
TidBITS,DEVONthink 4.1.1,"Adds support for new AI models, including Anthropic’s Claude 4.5 Sonnet and Google's Nano Banana. ($99 new, free update, 83.7 MB, macOS 13+)",https://tidbits.com/watchlist/devonthink-4-1-1/,2025-10-13T21:38:18Z
TidBITS,SpamSieve 3.2.1,"Maintenance update with bug fixes and improvements for the spam-filtering utility. ($39.99 new, free update, 61 MB, macOS 10.13+)",https://tidbits.com/watchlist/spamsieve-3-2-1/,2025-10-13T21:36:04Z
TidBITS,SoundSource 5.8.8,"Brings more workarounds for bugs in macOS 26 Tahoe to the audio control utility. ($45 new, free update, 38.6 MB, macOS 14.5+)",https://tidbits.com/watchlist/soundsource-5-8-8/,2025-10-13T21:32:04Z
9to5google.com,American Airlines adding Google Wallet support for boarding passes,"American Airlines has just announced that it will support Google Wallet with its boarding passes, an overdue addition for the major airline.



 more…",http://9to5google.com/2025/10/13/american-airlines-adding-google-wallet-support-for-boarding-passes/,2025-10-13T21:30:00Z
RTE,Rats! - Wales left cursing De Bruyne as Belgium win,Wales' hopes of automatic World Cup qualification were dealt a blow as Kevin de Bruyne converted two penalties in Belgium's 4-2 win on a night when a rodent intruder created some merriment for home fans in Cardiff.,https://www.rte.ie/sport/soccer/2025/1013/1538214-rats-wales-left-cursing-de-bruyne-as-belgium-win/,2025-10-13T21:26:29Z
Thurrott.com,Paul’s Pixel 10 Diaries: A Foldable Future? ⭐,"As I start to wind down my reviews of the Pixel 10 series phones, my attention in this space is increasingly on the future. That future is as uncertain as ever, but one possibility I’ve been mulling over is whether it makes sense to shift from the large singl…",https://www.thurrott.com/mobile/android/google-pixel/328308/pauls-pixel-10-diaries-a-foldable-future,2025-10-13T21:25:38Z
Japan Today,Mass-produced AI podcasts disrupt a fragile industry,"Artificial intelligence now makes it possible to mass-produce podcasts with completely virtual hosts, a development that is disrupting an industry still finding its footing and operating on a fragile business model. Since Google launched Audio Overview, the f…",https://japantoday.com/category/tech/mass-produced-ai-podcasts-disrupt-a-fragile-industry,2025-10-13T21:24:32Z
9to5Mac,"9to5Mac Daily: October 13, 2025 – RIP Clips, AirPods rumors","Listen to a recap of the top stories of the day from 9to5Mac. 9to5Mac Daily is available on iTunes and Apple’s Podcasts app, Stitcher, TuneIn, Google Play, or through our dedicated RSS feed for Overcast and other podcast players.








 more…",https://9to5mac.com/2025/10/13/daily-october-13-2025/,2025-10-13T21:23:03Z
TidBITS,Juice Jacking Protection Setting Broken in iOS 26,"Apple’s protection against juice jacking attacks—theoretical though they may be for everyday users—isn’t working as intended in iOS 26, with some users finding their security settings locked to Always Allow.",https://tidbits.com/2025/10/13/juice-jacking-protection-setting-broken-in-ios-26/,2025-10-13T21:22:42Z
Forbes,Movie Starring New Harry Potter And Hagrid Actors Opening In Theaters This Week,"Dominic McLaughlin and Nick Frost, who will star as Harry Potter and Rubeus Hagrid in HBO Max’s upcoming “Harry Potter” TV series, are co-stars in a new movie in theaters this week.",https://www.forbes.com/sites/timlammers/2025/10/13/movie-starring-new-harry-potter-and-hagrid-actors-opening-in-theaters-this-week/,2025-10-13T21:20:18Z
Mactrast.com,Apple TV+ Drops the ‘Plus’ From Its Name In Quiet Rebrand,"Apple has quietly rebranded its Apple TV+ streaming service, dropping the ""+"" to make it simply ""Apple TV.""Read More...",https://www.mactrast.com/2025/10/apple-tv-drops-the-plus-from-its-name-in-quiet-rebrand/,2025-10-13T21:20:13Z
Sporting News,Rangers could move on from star forward,Artemi Panarin trade potentially in the cards this season,https://www.sportingnews.com/us/nhl/new-york-rangers/news/rangers-could-move-star-forward/d51f304d08efb5768a84149c,2025-10-13T21:19:38Z
WyoFile,"Nurses, senior care, telehealth? Wyoming seeks feedback for how to spend millions in federal health dollars - WyoFile",Health officials held a whirlwind 11 public meetings and will close a public survey Wednesday. Residents’ feedback is key to how up to $800M could be spent.,http://wyofile.com/nurses-senior-care-telehealth-wyoming-seeks-feedback-for-how-to-spend-millions-in-federal-health-dollars/,2025-10-13T21:16:00Z
Trendir.com,29 Halloween Dining Room Decor Ideas That Will Haunt You Until You Copy Them,"Serve up spooky style with a side of seasonal charm. These 29 Halloween dining room decor ideas are eerie, elegant, and full of festive flair—featuring haunted centerpieces, moody lighting, and playful details that bring fright-night fun to every feast. They’…",https://www.trendir.com/halloween-dining-room-decor-ideas/,2025-10-13T21:14:42Z
New York Post,"FDNY heroes don superhero costumes for sick, grieving children across NYC: ‘Seeing the children’s smiles’","A super team of New York City firefighters, NYPD officers and public school teachers dubbed the Humble Heroes of FDNY are celebrating 10 years of donning superhero costumes for the Big Apple children who need them the most.",https://nypost.com/2025/10/13/us-news/fdny-heroes-don-superhero-costumes-for-sick-grieving-children-across-nyc-seeing-the-childrens-smiles/,2025-10-13T21:09:35Z
CNA,Global smartphone shipments rise in third-quarter on AI-driven upgrades,"-Global smartphone shipments grew 2.6 per cent in the third quarter this year, fueled by strong consumer demand for premium and AI-enabled devices, according to preliminary data from the International Data Corporation on Monday. WHY IT'S IMPORTANT Demand for …",https://www.channelnewsasia.com/business/global-smartphone-shipments-rise-in-third-quarter-ai-driven-upgrades-5399636,2025-10-13T21:07:35Z
Yahoo Entertainment,Global smartphone shipments rise in third-quarter on AI-driven upgrades,"Global smartphone shipments grew 2.6% in the third quarter this year, fueled by strong consumer demand for premium and AI-enabled devices, according to...",https://tech.yahoo.com/phones/articles/global-smartphone-shipments-rise-third-210701995.html,2025-10-13T21:07:01Z
Android Headlines,American Airlines Boarding Passes Finally Support Google Wallet,"American Airlines boarding passes now supports Google Wallet, giving Android users the same convenience previously limited to Apple Wallet.",https://www.androidheadlines.com/2025/10/american-airlines-boarding-passes-google-wallet-support.html,2025-10-13T21:06:12Z
RTE,Shels nab late winner to confirm Cork City's relegation,Cork City's third SSE Airtricity Men's Premier Division relegation in six seasons was confirmed with a flat performance in defeat to Shelbourne.,https://www.rte.ie/sport/soccer/2025/1013/1538212-shels-nab-late-winner-to-confrm-cork-citys-relegation/,2025-10-13T21:04:05Z
ZDNet,I tried smart glasses with xMEMS speakers and active cooling - and they're full of promise,"What if there were components that made smart glasses thinner, lighter, and more performant? It turns out they exist.",https://www.zdnet.com/article/i-tried-smart-glasses-with-xmems-speakers-and-active-cooling-and-theyre-full-of-promise/,2025-10-13T21:03:00Z
RTE,Germany edge out gritty Northern Ireland,Nick Woltemade's first international goal condemned Northern Ireland to a 1-0 World Cup qualifying defeat to Germany at Windsor Park.,https://www.rte.ie/sport/soccer/2025/1013/1538213-germany-edge-out-gritty-northern-ireland/,2025-10-13T21:01:57Z
Yahoo Entertainment,Apple In Talks To Buy Prompt AI Talent,Employees urged to apply as transition begins now,https://finance.yahoo.com/news/apple-talks-buy-prompt-ai-210128910.html,2025-10-13T21:01:28Z
Biztoc.com,Apple TV Subtracts the + in a Quiet Rebrand,"Apple announced on Monday that it was scrubbing the plus sign from the name of its streaming service. Henceforth, it will be known simply as Apple TV.",https://biztoc.com/x/b80934f3c09494af,2025-10-13T21:00:26Z
Addicted2success.com,"These 11 Habits Will Make You More Productive, Successful, and Confident","Boost your focus, confidence, and results with 11 powerful habits successful people use every day.
The post These 11 Habits Will Make You More Productive, Successful, and Confident appeared first on Addicted 2 Success.",https://addicted2success.com/success-advice/these-11-habits-will-make-you-more-productive-successful-and-confident/,2025-10-13T21:00:07Z
Decider,"Stream It or Skip It: ‘My Father, The BTK Killer’ on Netflix, Where The Daughter Of A Serial Murderer Who Hid In Plain Sight Shares Her Story","My Father, The BTK Killer features interviews with the daughter of a man who subjected his family and community to his secret deviant behaviors.",https://decider.com/2025/10/13/my-father-the-btk-killer-netflix-review/,2025-10-13T21:00:00Z
Page Six,Meghan Markle and Prince Harry have date night at members-only NYC hotspot loved by Taylor Swift,The Duke and Duchess of Sussex were photographed at the ritzy Chez Margaux in the Big Apple over the weekend.,https://pagesix.com/2025/10/13/royal-family/meghan-markle-and-prince-harry-have-date-night-at-members-only-nyc-hotspot-loved-by-taylor-swift/,2025-10-13T20:58:30Z
Tedium.co,"Thoughts on Omarchy: Slick Distro, Complicated Ethics",The rising Linux distro Omarchy smooths out Hyprland’s rough edges—but it also carries a controversial sheen that some won’t be able to ignore.,https://tedium.co/2025/10/13/omarchy-linux-distro-commentary/,2025-10-13T20:54:25Z
Trendir.com,32 Halloween Staircase Decor Ideas That’ll Make You Regret Ever Skipping the Stairs,"Want to creep it real from the ground floor up? These 32 Halloween staircase decor ideas are spine-chilling, stylish, and full of festive flair — perfect for turning your stairs into a hauntingly fun focal point. From cobweb-covered railings to eerie lighting…",https://www.trendir.com/halloween-staircase-decor-ideas/,2025-10-13T20:51:35Z
BGR,iPhone Air Finally Set To Arrive In China,"A few weeks later than expected, the iPhone Air is finally set to make its debut in China, with preorders for the ultra-thin device opening on October 17.",https://www.bgr.com/1995750/iphone-air-china-release-date-announced/,2025-10-13T20:51:29Z
Biztoc.com,"Apple TV+'s rebrand might seem silly, but branding experts say it's a smart move","Damson Idris as Joshua Pearce and Brad Pitt as Sonny Hayes in Apple Original Films' ""F1 The Movie,"" premiering December 12, 2025 on Apple TV.
Apple
Apple TV+ is now called Apple TV, not to be confused with its app or hardware device.
Branding experts applaude…",https://biztoc.com/x/8ccc6a7cba6c640b,2025-10-13T20:49:42Z
Trendir.com,"30 Halloween Shelf Decor Ideas So Stylish, Even Your Books Will Be Jealous","Creep up your corners with festive flair that’s small in size but big on style. These 30 Halloween shelf decor ideas are spooky, stylish, and delightfully detailed—featuring mini pumpkins, eerie curios, and haunted vignettes that bring a touch of magic to eve…",https://www.trendir.com/halloween-shelf-decor-ideas/,2025-10-13T20:47:37Z
TODAY,Snapple Is Bringing Back Its Iconic Glass Bottles — But Only in 1 State,"Snapple is bringing back its old bottles, which were discontinued in 2017, for a limited time, but only in the New York area. Here's what we know.",https://www.today.com/food/drinks/snapple-glass-bottles-return-limited-time-rcna237352,2025-10-13T20:46:14Z
9to5Mac,New Apple TV rebrand is the right move at just the right time,"Apple TV+ is no more. Apple’s streaming service is now officially just ‘Apple TV.’ Here’s why I think this is the right move at the right time.



 more…",https://9to5mac.com/2025/10/13/new-apple-tv-rebrand-is-the-right-move-at-just-the-right-time/,2025-10-13T20:42:03Z
Business Insider,"Apple TV+'s rebrand might seem silly, but branding experts say it's a smart move","Apple TV+ is now called Apple TV. Branding experts applauded the rebrand. One said that ""simplicity is the ultimate flex.""",https://www.businessinsider.com/apple-rebrand-apple-tv-plus-streaming-2025-10,2025-10-13T20:36:19Z
9to5Toys,"Add as much as 8TB to your M4 Mac mini with UGREEN’s NVMe-ready docking station, now $60 (Reg. $100)","UGREEN M4 Mac mini Docking Station



Buy for $60 (Reg. $100)














What we love




To me, the showstopper here of this docking station is that it can house an up 8TB NVMe SSD. When building out a custom M4 Mac mini configuation from Apple, you ca…",http://9to5toys.com/2025/10/13/ugreen-m4-mac-mini-docking-station/,2025-10-13T20:35:00Z
Page Six,Anthropologie’s sale section is an extra 50% off — but only for the rest of the day,Including the dress our managing editor can't stop buying.,https://pagesix.com/2025/10/13/style/anthropologie-sale-section-is-an-extra-50-off-today-only/,2025-10-13T20:34:19Z
9to5Mac,Apple to present multiple studies at the 2025 International Conference on Computer Vision,"Today, Apple confirmed its participation in the 2025 International Conference on Computer Vision (ICCV), which will take place from October 19 to 23 in Honolulu. Here are the studies the company will present.



 more…",https://9to5mac.com/2025/10/13/apple-to-present-multiple-studies-at-the-2025-international-conference-on-computer-vision/,2025-10-13T20:31:07Z
CNET,Apple Gives a Reason for the Reports of Terrible iPhone 17 Scratches,"If you've seen scratched iPhone 17s, Apple says it's just residue from their old display stands.",https://www.cnet.com/tech/mobile/apple-gives-a-reason-for-the-reports-of-terrible-iphone-17-scratches,2025-10-13T20:30:03Z
CNET,Apple Gives a Reason for the Reports of Terrible iPhone 17 Scratches,"If you've seen scratched iPhone 17s, Apple says it's just residue from their old display stands.",https://www.cnet.com/tech/mobile/apple-gives-a-reason-for-the-reports-of-terrible-iphone-17-scratches/,2025-10-13T20:30:03Z
Decider,"Stream It Or Skip It: ‘The Last Frontier’ on Apple TV+, a Fast-Paced Thriller in Which Jason Clarke Chases Escaped Inmates in Alaska",Creator Jon Bokenkamp follows The Blacklist with a big-budget jump to streaming.,https://decider.com/2025/10/13/the-last-frontier-stream-it-or-skip-it/,2025-10-13T20:30:00Z
9to5google.com,The Sideload 008: Closing the book on Pixel 10,"Welcome to The Sideload episode 8, a 9to5Google podcast. This week, Will is joined by Damien Wilde, 9to5Google‘s resident video producer, to discuss Google’s final lineup of Pixel products for 2025. Alongside some (brief) impressions of the Pixel Watch 4 and …",http://9to5google.com/2025/10/13/the-sideload-008-closing-the-book-on-pixel-10/,2025-10-13T20:30:00Z
New York Post,"How China’s threats to clamp down on rare earth exports could wreak havoc on US tech giants, military contractors","The supply chains of tech giants like Apple, car firms like Tesla and even the US military will be thrown into chaos if China follows through on threats to further choke off shipments of rare earth elements, according to experts.",https://nypost.com/2025/10/13/business/how-chinas-threats-to-clamp-down-on-rare-earth-exports-could-wreak-havoc-on-us-tech-giants-military-contractors/,2025-10-13T20:26:30Z
TheWrap,"Jamie Bell, Thomasin McKenzie Lead Cast Additions for Paul Greengrass Period Drama ‘The Uprising’","Jonny Lee Miller, Cosmo Jarvis and Woody Norman also join the cast led by Andrew Garfield and Katherine Waterston
The post Jamie Bell, Thomasin McKenzie Lead Cast Additions for Paul Greengrass Period Drama ‘The Uprising’ appeared first on TheWrap.",https://www.thewrap.com/jamie-bell-thomasin-mckenzie-cast-paul-greengrass-the-uprising/,2025-10-13T20:20:40Z
Biztoc.com,Ex-Apple CEO John Sculley Says This Company Is Apple’s First ‘Real Competitor’ in Years,Sculley led Apple from 1983 to 1993. He has some thoughts about how the company is doing today.,https://biztoc.com/x/8c07af7b0233ba3b,2025-10-13T20:16:19Z
Wccftech,Apple TV+ Rebrand To “Apple TV” And Vibrant New Icon Hint At Upcoming Hardware And A Unified Ecosystem,"Apple has quietly made a significant branding move, dropping the “+” from Apple TV+ and introducing new, more colorful icons across iOS and tvOS. At first glance, it might seem like a visual refresh, but the timing and presentation suggest something far more …",https://wccftech.com/apple-tv-plus-rebrand-to-apple-tv-hardware-ecosystem/,2025-10-13T20:16:17Z
redmondpie.com,Apple Could Launch Three New Products This Week,"Apple could be getting ready to announce as many as three new products within the next few days. That's if a report by Bloomberg's Mark Gurman turns out to be accurate.
The post Apple Could Launch Three New Products This Week first appeared on Redmond Pie.",https://www.redmondpie.com/apple-could-launch-three-new-products-this-week/,2025-10-13T20:09:29Z
9to5Mac,Apple Pro Display XDR 2 likely has key hardware upgrade over original $4999 monitor,"Apple is expected to release a second-generation Apple Pro Display XDR in the near future, and it looks like it will include an important component missing from the original $5000 monitor. 



 more…",https://9to5mac.com/2025/10/13/apple-pro-display-xdr-2-will-have-a-key-hardware-upgrade-over-original-4999-monitor/,2025-10-13T20:09:10Z
Milestomemories.com,Goodbye to My Favorite Amazon Pay With Points Angle?!,"It appears Amazon Pay With Points offers have devalued for certain shoppers. Here's the latest in a continuingly-negative promo trend.
The post Goodbye to My Favorite Amazon Pay With Points Angle?! appeared first on Miles to Memories.",https://milestomemories.com/amazon-pay-with-points/,2025-10-13T20:07:33Z
Android Authority,Google Wallet picks up support for American Airlines boarding passes,"You're now able to save American Airlines boarding passes directly to Google Wallet, sparing you the hassle of dealing with screenshots.",https://www.androidauthority.com/american-airlines-google-wallet-boarding-pass-3606779/,2025-10-13T20:04:25Z
Sankakucomplex.com,"AI Girlfriend Apps Leak Data for Over 400,000 Users","Two “AI girlfriend” companion apps developed in Hong Kong have reportedly exposed private conversations, images, and user metadata for more than 400,000 users. The breach shows just how fragile privacy is when people entrust intimate parts of their lives to u…",https://news.sankakucomplex.com/2025/10/14/ai-girlfriend-apps-leak-data-for-over-400000-users/,2025-10-13T20:04:15Z
redmondpie.com,Apple’s Ultra-Thin iPhone Air Will Debut In China This Week,"Apple's new iPhone 17 will officially go up for preorder in China later this week. The news was confirmed by CEO Tim Cook during a visit to the country.
The post Apple’s Ultra-Thin iPhone Air Will Debut In China This Week first appeared on Redmond Pie.",https://www.redmondpie.com/apples-ultra-thin-iphone-air-will-debut-in-china-this-week/,2025-10-13T20:04:08Z
PCMag.com,Samsung Galaxy Tab S11,"The Samsung Galaxy Tab S11 (starting at $799.99) is the smaller, less expensive sibling of the top-of-the-line Galaxy Tab S11 Ultra (starting at $1,199.99). It features a beautiful display, fast performance, an S Pen stylus, and a comprehensive software suite…",https://me.pcmag.com/en/tablets/32866/samsung-galaxy-tab-s11,2025-10-13T20:02:10Z
PCMag.com,Samsung Galaxy Tab S11,"The Samsung Galaxy Tab S11 (starting at $799.99) is the smaller, less expensive sibling of the top-of-the-line Galaxy Tab S11 Ultra (starting at $1,199.99). It features a beautiful display, fast performance, an S Pen stylus, and a comprehensive software suite…",https://uk.pcmag.com/tablets/160705/samsung-galaxy-tab-s11,2025-10-13T20:02:10Z
CNA,UEFA unveils multi-market tender for 2027–2031 club competition rights,"PARIS :UEFA and its joint venture UC3 on Monday launched the tender process for broadcast and commercial rights to European club competitions for the 2027–2031 cycle, introducing a series of industry firsts including a global “first pick” package for the Cham…",https://www.channelnewsasia.com/sport/uefa-unveils-multi-market-tender-2027-2031-club-competition-rights-5399546,2025-10-13T20:01:40Z
