source,title,description,url,publishedAt,text,sentiment_label,sentiment_score
Yahoo Entertainment,"Stock market today: S&P 500 and Dow rise, Nasdaq slides as US-China tensions simmer, big banks report","China upped the ante in its trade spat with the US, rattling investors' nerves as big Wall Street banks kicked off earnings season.",https://finance.yahoo.com/news/live/stock-market-today-sp-500-and-dow-rise-nasdaq-slides-as-us-china-tensions-simmer-big-banks-report-233314867.html,2025-10-13 23:33:14+00:00,"Stock market today: S&P 500 and Dow rise, Nasdaq slides as US-China tensions simmer, big banks report. China upped the ante in its trade spat with the US, rattling investors' nerves as big Wall Street banks kicked off earnings season.",Positive,0.5187768340110779
Yahoo Entertainment,"Stock market today: S&P 500 and Dow turn higher, Nasdaq dips with Fed's Powell, China tariff tensions in focus","China upped the ante in its trade spat with the US, rattling investors' nerves as big Wall Street banks kicked off earnings season.",https://finance.yahoo.com/news/live/stock-market-today-sp-500-and-dow-turn-higher-nasdaq-dips-with-feds-powell-china-tariff-tensions-in-focus-233314697.html,2025-10-13 23:33:14+00:00,"Stock market today: S&P 500 and Dow turn higher, Nasdaq dips with Fed's Powell, China tariff tensions in focus. China upped the ante in its trade spat with the US, rattling investors' nerves as big Wall Street banks kicked off earnings season.",Negative,0.8812152743339539
Yahoo Entertainment,"Stock market today: S&P 500, Nasdaq slide as US-China tensions simmer; Dow steadies as big banks report","China upped the ante in its trade spat with the US, rattling investors' nerves as big Wall Street banks kicked off earnings season.",https://finance.yahoo.com/news/live/stock-market-today-sp-500-nasdaq-slide-as-us-china-tensions-simmer-dow-steadies-as-big-banks-report-233314488.html,2025-10-13 23:33:14+00:00,"Stock market today: S&P 500, Nasdaq slide as US-China tensions simmer; Dow steadies as big banks report. China upped the ante in its trade spat with the US, rattling investors' nerves as big Wall Street banks kicked off earnings season.",Positive,0.5228275060653687
Yahoo Entertainment,"Did You Know, María Corina Machado, Who Thanked Trump After Receiving The Nobel Peace Prize, Is A Bitcoin Supporter","Venezuelan opposition leader María Corina Machado, who recently won the Nobel Peace Prize, has been a Bitcoin (CRYPTO: BTC) supporter, labeling it as a...",https://finance.yahoo.com/news/did-know-mar-corina-machado-233106122.html,2025-10-13 23:31:06+00:00,"Did You Know, María Corina Machado, Who Thanked Trump After Receiving The Nobel Peace Prize, Is A Bitcoin Supporter. Venezuelan opposition leader María Corina Machado, who recently won the Nobel Peace Prize, has been a Bitcoin (CRYPTO: BTC) supporter, labeling it as a...",Neutral,0.9924607872962952
Crikey,"As generative AI accelerates distrust, even Trump’s choice of tie can fuel conspiracy theories","The rise of artificial intelligence has seen the conversation surrounding media shift in recent years, and is helping fuel a new set of conspiracies across the political spectrum.
The post As generative AI accelerates distrust, even Trump’s choice of tie can …",http://www.crikey.com.au/2025/10/14/artificial-intelligence-conspiracy-theories-right-left/,2025-10-13 23:18:35+00:00,"As generative AI accelerates distrust, even Trump’s choice of tie can fuel conspiracy theories. The rise of artificial intelligence has seen the conversation surrounding media shift in recent years, and is helping fuel a new set of conspiracies across the political spectrum.
The post As generative AI accelerates distrust, even Trump’s choice of tie can …",Positive,0.8020493984222412
Electrek,US average new car price tops $50k for the first time – here’s why,"The average US new car price crossed the $50,000 mark for the first time in September, according to new estimates from Kelley Blue Book (KBB). Prices have been climbing steadily for over a year, and the pace picked up this summer – but that hasn’t stopped Ame…",http://electrek.co/2025/10/13/us-average-new-car-price-tops-50k-for-the-first-time/,2025-10-13 22:52:36+00:00,"US average new car price tops $50k for the first time – here’s why. The average US new car price crossed the $50,000 mark for the first time in September, according to new estimates from Kelley Blue Book (KBB). Prices have been climbing steadily for over a year, and the pace picked up this summer – but that hasn’t stopped Ame…",Positive,0.9701234698295593
TMZ,Richard Sherman Arrest Video Shows Ex-NFL Star Agitated With Cops,"New police video TMZ Sports has obtained shows Richard Sherman was agitated with cops during the night of his arrest last year. The footage was captured on a Washington State Patrol squad car camera back on February 24, 2024 ... after Sherman was…",https://www.tmz.com/2025/10/13/richard-sherman-arrest-video/,2025-10-13 22:12:59+00:00,"Richard Sherman Arrest Video Shows Ex-NFL Star Agitated With Cops. New police video TMZ Sports has obtained shows Richard Sherman was agitated with cops during the night of his arrest last year. The footage was captured on a Washington State Patrol squad car camera back on February 24, 2024 ... after Sherman was…",Neutral,0.9999967813491821
CNBC,Stock market today: Live updates,"Stocks fell Tuesday, resuming the selling seen late last week, as trade worries were reignited overnight by China.",https://www.cnbc.com/2025/10/13/stock-market-today-live-updates.html,2025-10-13 22:11:48+00:00,"Stock market today: Live updates. Stocks fell Tuesday, resuming the selling seen late last week, as trade worries were reignited overnight by China.",Negative,0.982526421546936
Biztoc.com,"Demand For Electric Pickup Trucks Soar In Q3, Except If You're Tesla","Tesla Inc (NASDAQ:TSLA) reported strong third-quarter deliveries that beat analyst estimates, but a new report shows one of its electric vehicles has seen demand fall significantly.
 • TSLA shares are climbing with conviction. Track the action here.
What Happ…",https://biztoc.com/x/3d933e1e588f89fd,2025-10-13 22:07:37+00:00,"Demand For Electric Pickup Trucks Soar In Q3, Except If You're Tesla. Tesla Inc (NASDAQ:TSLA) reported strong third-quarter deliveries that beat analyst estimates, but a new report shows one of its electric vehicles has seen demand fall significantly.
 • TSLA shares are climbing with conviction. Track the action here.
What Happ…",Positive,1.0
Biztoc.com,Tesla made a gamble with its latest price cuts. Will it pay off?,,https://biztoc.com/x/d38657b3ef60a0db,2025-10-13 21:34:28+00:00,Tesla made a gamble with its latest price cuts. Will it pay off?,Neutral,0.9022935032844543
New York Post,"How China’s threats to clamp down on rare earth exports could wreak havoc on US tech giants, military contractors","The supply chains of tech giants like Apple, car firms like Tesla and even the US military will be thrown into chaos if China follows through on threats to further choke off shipments of rare earth elements, according to experts.",https://nypost.com/2025/10/13/business/how-chinas-threats-to-clamp-down-on-rare-earth-exports-could-wreak-havoc-on-us-tech-giants-military-contractors/,2025-10-13 20:26:30+00:00,"How China’s threats to clamp down on rare earth exports could wreak havoc on US tech giants, military contractors. The supply chains of tech giants like Apple, car firms like Tesla and even the US military will be thrown into chaos if China follows through on threats to further choke off shipments of rare earth elements, according to experts.",Negative,0.9980922341346741
TheStreet,"Billionaire investor talks US debt, geopolitics, and new world order","Bridgewater Capital founder Ray Dalio recently sat down for an interview with Bloomberg, during which he discussed everything from his upbringing to what he ...",https://www.thestreet.com/economy/billionaire-investor-talks-us-debt-geopolitics-and-new-world-order,2025-10-13 20:23:00+00:00,"Billionaire investor talks US debt, geopolitics, and new world order. Bridgewater Capital founder Ray Dalio recently sat down for an interview with Bloomberg, during which he discussed everything from his upbringing to what he ...",Neutral,0.9999860525131226
Yahoo Entertainment,Tesla Internship Gives Rutgers MBA Student Experience To Leverage,Rutgers MBA Spencer Donihi-Goddard was boarding a plane with his fiancée in Austin last spring when he learned that he had been chosen for a summer...,https://www.yahoo.com/news/articles/tesla-internship-gives-rutgers-mba-202058085.html,2025-10-13 20:20:58+00:00,Tesla Internship Gives Rutgers MBA Student Experience To Leverage. Rutgers MBA Spencer Donihi-Goddard was boarding a plane with his fiancée in Austin last spring when he learned that he had been chosen for a summer...,Neutral,0.9943950176239014
Yahoo Entertainment,Dow jumps nearly 600 points after Trump softens tone on China,"All three of the major indexes (^DJI, ^GSPC, ^IXIC) rebounded on Monday, with the Dow Jones Industrial Average closing nearly 588 points higher and the...",https://finance.yahoo.com/video/dow-jumps-nearly-600-points-201547262.html,2025-10-13 20:15:47+00:00,"Dow jumps nearly 600 points after Trump softens tone on China. All three of the major indexes (^DJI, ^GSPC, ^IXIC) rebounded on Monday, with the Dow Jones Industrial Average closing nearly 588 points higher and the...",Positive,0.9999786615371704
Men's Journal,Elon Musk Is Selling Unsold Tesla Cybertrucks to Himself,Elon Musk appears to have a solution for the massive fleet of unsold Tesla Cybertrucks — sell them to his private companies. Electrek is reporting that...,https://www.mensjournal.com/news/elon-musk-is-selling-unsold-tesla-cybertrucks-to-himself,2025-10-13 19:43:39+00:00,Elon Musk Is Selling Unsold Tesla Cybertrucks to Himself. Elon Musk appears to have a solution for the massive fleet of unsold Tesla Cybertrucks — sell them to his private companies. Electrek is reporting that...,Neutral,0.9999598264694214
Gizmodo.com,Is the AI Conveyor Belt of Capital About to Stop?,Good thing it's only the entire economy propped up by this right now.,https://gizmodo.com/is-the-ai-conveyor-belt-of-capital-about-to-stop-2000671017,2025-10-13 19:40:03+00:00,Is the AI Conveyor Belt of Capital About to Stop?. Good thing it's only the entire economy propped up by this right now.,Neutral,0.8569802045822144
SlashGear,Ford CEO Admits EV Market Will Be 'Way Smaller Than We Thought',"Ford’s CEO predicts slower EV growth as costs rise and tax breaks expire, saying the electric vehicle market will be “way smaller” than expected.",https://www.slashgear.com/1989023/ford-ceo-ev-tax-credit-ending-prediction/,2025-10-13 19:13:48+00:00,"Ford CEO Admits EV Market Will Be 'Way Smaller Than We Thought'. Ford’s CEO predicts slower EV growth as costs rise and tax breaks expire, saying the electric vehicle market will be “way smaller” than expected.",Negative,0.9999679327011108
TheStreet,Palantir rival quietly builds a big business,"Palantir Technologies' (PLTR) transformation is nothing short of insane. From its humble beginnings as a low-key military vendor, the company has effectively...",https://www.thestreet.com/technology/palantir-rival-quietly-builds-a-big-business,2025-10-13 19:13:00+00:00,"Palantir rival quietly builds a big business. Palantir Technologies' (PLTR) transformation is nothing short of insane. From its humble beginnings as a low-key military vendor, the company has effectively...",Positive,0.9999992847442627
Yahoo Entertainment,Tesla Boosts Q4 Production at Shanghai Gigafactory to Meet Rising Demand,China-made sales rise 2.8% in September after two-month decline,https://finance.yahoo.com/news/tesla-boosts-q4-production-shanghai-190603472.html,2025-10-13 19:06:03+00:00,Tesla Boosts Q4 Production at Shanghai Gigafactory to Meet Rising Demand. China-made sales rise 2.8% in September after two-month decline,Positive,1.0
The Verge,Tesla Cybertruck sales are flatlining,"After a brutal few months, Tesla sales are finally picking up thanks to expiring federal EV tax credits. But while customers are snatching up Model 3s and Ys, they are increasingly turning up their noses at the newest addition to Tesla’s lineup: the Cybertruc…",https://www.theverge.com/news/798889/tesla-cybertruck-sales-decrease-q3-2025,2025-10-13 19:03:24+00:00,"Tesla Cybertruck sales are flatlining. After a brutal few months, Tesla sales are finally picking up thanks to expiring federal EV tax credits. But while customers are snatching up Model 3s and Ys, they are increasingly turning up their noses at the newest addition to Tesla’s lineup: the Cybertruc…",Positive,0.9983578324317932
Biztoc.com,"Tesla Stock a Must Own Though Valuation a Guesswork, Melius Says",,https://biztoc.com/x/31371afaed3da255,2025-10-13 18:14:04+00:00,"Tesla Stock a Must Own Though Valuation a Guesswork, Melius Says",Neutral,0.9968627691268921
Electrek,"Ford cuts F-150 Lightning prices and boosts range after losing the $7,500 EV credit","Ford is cutting prices on the electric pickup by up to $4,000 to offset the loss of the federal EV tax credit. The 2026 Ford F-150 Lightning now offers more driving range at a lower price.



 more…",http://electrek.co/2025/10/13/ford-cuts-f-150-lightning-prices-after-losing-7500-ev-credit/,2025-10-13 18:06:41+00:00,"Ford cuts F-150 Lightning prices and boosts range after losing the $7,500 EV credit. Ford is cutting prices on the electric pickup by up to $4,000 to offset the loss of the federal EV tax credit. The 2026 Ford F-150 Lightning now offers more driving range at a lower price.



 more…",Positive,0.9958003163337708
Electrek,"Anker SOLIX C2000 Gen 2 power station and bundles 50% off early-bird savings, Jackery HomePower 3600 Plus at new low, more","This week’s Green Deals are kicking off with a new release, as Anker launches its SOLIX C2000 Gen 2 Portable Power Station 50% off early-bird savings that will score the power station (as well as bundle options) starting from $749 on October 28. Right behind …",http://electrek.co/2025/10/13/anker-solix-c2000-gen-2-power-station-jackery-more/,2025-10-13 18:00:00+00:00,"Anker SOLIX C2000 Gen 2 power station and bundles 50% off early-bird savings, Jackery HomePower 3600 Plus at new low, more. This week’s Green Deals are kicking off with a new release, as Anker launches its SOLIX C2000 Gen 2 Portable Power Station 50% off early-bird savings that will score the power station (as well as bundle options) starting from $749 on October 28. Right behind …",Neutral,0.9523048996925354
Biztoc.com,Tesla Stock Is Rallying Today: What's Behind The Move?,"Tesla Inc (NASDAQ:TSLA) shares are trading higher on Monday after Evercore ISI raised its price target on the stock. The company also reportedly increased production at its Shanghai facility.
What Happened: Evercore ISI analyst Chris McNally maintained an In-…",https://biztoc.com/x/b192c5f8c1d7cd9a,2025-10-13 17:51:34+00:00,"Tesla Stock Is Rallying Today: What's Behind The Move?. Tesla Inc (NASDAQ:TSLA) shares are trading higher on Monday after Evercore ISI raised its price target on the stock. The company also reportedly increased production at its Shanghai facility.
What Happened: Evercore ISI analyst Chris McNally maintained an In-…",Positive,0.9997560381889343
Gizmodo.com,"If You Can Read This, You’re About to Get Scammed",Scammers are pretending to be Elon Musk. They're stealing millions from hard-working people.,https://gizmodo.com/elon-musk-spacex-neuralink-grok-xai-investment-scam-2000669248,2025-10-13 17:30:01+00:00,"If You Can Read This, You’re About to Get Scammed. Scammers are pretending to be Elon Musk. They're stealing millions from hard-working people.",Negative,0.9791725277900696
Biztoc.com,Tesla Rival Lucid Rolls Out Gravity In Canada,"Lucid Group (NASDAQ:LCID) has begun delivering the Lucid Gravity in Canada, marking the SUV’s official entry into the North American market.
The Lucid Gravity Grand Touring features dual electric motors that produce 828 horsepower, enabling acceleration from …",https://biztoc.com/x/a429abda7cfd3ff1,2025-10-13 17:18:04+00:00,"Tesla Rival Lucid Rolls Out Gravity In Canada. Lucid Group (NASDAQ:LCID) has begun delivering the Lucid Gravity in Canada, marking the SUV’s official entry into the North American market.
The Lucid Gravity Grand Touring features dual electric motors that produce 828 horsepower, enabling acceleration from …",Positive,0.8786025643348694
Thefly.com,Charged: Wall Street analyst initiates 'must own' Tesla with a Buy,"See the rest of the story here.

thefly.com provides the latest financial news as it breaks. Known as a leader in market intelligence, The Fly's real-time, streaming news feed keeps individual investors, professional money managers, active traders, and corpor…",https://thefly.com/permalinks/entry.php/id4212537/TSLA;RIVN;GM;F;OKLO;CEG;GEV;ES;NEE;BEP;ARRY;CSIQ;SOL;ENPH;FTCI;FSLR;JKS;MAXN;SHLS;SEDG;SPWR;RUN-Charged-Wall-Street-analyst-initiates-must-own-Tesla-with-a-Buy,2025-10-13 17:03:53+00:00,"Charged: Wall Street analyst initiates 'must own' Tesla with a Buy. See the rest of the story here.

thefly.com provides the latest financial news as it breaks. Known as a leader in market intelligence, The Fly's real-time, streaming news feed keeps individual investors, professional money managers, active traders, and corpor…",Positive,0.9997757077217102
Forbes,How Thomson Reuters Became A Gen AI Powerhouse,"This edition of the Forbes CEO newsletter looks at how the company brought AI to its legal software platform, and how it plans to transform its other offerings.",https://www.forbes.com/sites/ceo/2025/10/13/how-thomson-reuters-became-a-gen-ai-powerhouse/,2025-10-13 16:43:16+00:00,"How Thomson Reuters Became A Gen AI Powerhouse. This edition of the Forbes CEO newsletter looks at how the company brought AI to its legal software platform, and how it plans to transform its other offerings.",Neutral,0.9999819993972778
Freerepublic.com,BREAKING: President Trump Axes Chief Saboteur!,"President Trump has just ousted Sergio Gor, the man many believe to be the Hatchet Man behind the sabotage of the Trump/Musk relationship. Sergio Gor previously served as director of the Office of Presidential Personnel, controlling hiring and firing across t…",https://freerepublic.com/focus/f-news/4346116/posts,2025-10-13 16:38:24+00:00,"BREAKING: President Trump Axes Chief Saboteur!. President Trump has just ousted Sergio Gor, the man many believe to be the Hatchet Man behind the sabotage of the Trump/Musk relationship. Sergio Gor previously served as director of the Office of Presidential Personnel, controlling hiring and firing across t…",Neutral,0.9999566078186035
Yahoo Entertainment,Taiwan Semi (TSM) is Going to $400,Top semi foundry is the backbone of the AI economy and makes NVIDIA magic possible,https://finance.yahoo.com/news/taiwan-semi-tsm-going-400-163200307.html,2025-10-13 16:32:00+00:00,Taiwan Semi (TSM) is Going to $400. Top semi foundry is the backbone of the AI economy and makes NVIDIA magic possible,Positive,0.9481884241104126
Yahoo Entertainment,"Investors Purchased 33% of Single-Family Homes In Q2, Report Finds","Real estate investors made just over one-third of all single-family home purchases in Q2, according to the Q2 2025 Investor Pulse Report from BatchData and...",https://finance.yahoo.com/news/investors-purchased-33-single-family-163104147.html,2025-10-13 16:31:04+00:00,"Investors Purchased 33% of Single-Family Homes In Q2, Report Finds. Real estate investors made just over one-third of all single-family home purchases in Q2, according to the Q2 2025 Investor Pulse Report from BatchData and...",Neutral,0.9999929666519165
Electrek,Thousands of Tesla owners join class action lawsuit over ‘Full Self-Driving’ in Australia,"Thousands of Tesla owners have reportedly joined a class action lawsuit against the automaker in Australia over false claims about its ‘Full Self-Driving’ (FSD) package.



 more…",http://electrek.co/2025/10/13/thousands-of-tesla-owners-join-class-action-lawsuit-over-full-self-driving-in-australia/,2025-10-13 16:29:48+00:00,"Thousands of Tesla owners join class action lawsuit over ‘Full Self-Driving’ in Australia. Thousands of Tesla owners have reportedly joined a class action lawsuit against the automaker in Australia over false claims about its ‘Full Self-Driving’ (FSD) package.



 more…",Negative,0.643441915512085
Biztoc.com,"Tesla stock rebounds, EV maker announces Shanghai factory Q4 ramp up","rebounded on Monday along with the broader market as President Trump downplayed his recent tough talk on China. But Tesla is also making some waves in China.
As reported by Reuters, Tesla vice president Tao Lin posted on Weibo that Tesla's Shanghai gigafactor…",https://biztoc.com/x/0f3f1202b93bd067,2025-10-13 16:23:29+00:00,"Tesla stock rebounds, EV maker announces Shanghai factory Q4 ramp up. rebounded on Monday along with the broader market as President Trump downplayed his recent tough talk on China. But Tesla is also making some waves in China.
As reported by Reuters, Tesla vice president Tao Lin posted on Weibo that Tesla's Shanghai gigafactor…",Positive,0.9686706066131592
Fark.com,"Tesla can't sell it's Cybertrucks, so Musk makes SpaceX and xAi buy them [Fail]","Tesla can't sell it's Cybertrucks, so Musk makes SpaceX and xAi buy them",https://www.fark.com/comments/13843336/Tesla-cant-sell-its-Cybertrucks-so-Musk-makes-SpaceX-xAi-buy-them,2025-10-13 16:05:03+00:00,"Tesla can't sell it's Cybertrucks, so Musk makes SpaceX and xAi buy them [Fail]. Tesla can't sell it's Cybertrucks, so Musk makes SpaceX and xAi buy them",Neutral,0.9979289770126343
Electrek,"Lucid (LCID) trolls Tesla using Elon Musk’s AI to ask, ‘What’s the best luxury EV?’","Lucid Motors (LCID) took a jab at Tesla (TSLA), asking Elon Musk’s own AI to confirm which brand really has the best luxury EV.



 more…",http://electrek.co/2025/10/13/lucid-trolls-tesla-asks-elon-musks-ai-whats-the-best-luxury-ev/,2025-10-13 16:03:43+00:00,"Lucid (LCID) trolls Tesla using Elon Musk’s AI to ask, ‘What’s the best luxury EV?’. Lucid Motors (LCID) took a jab at Tesla (TSLA), asking Elon Musk’s own AI to confirm which brand really has the best luxury EV.



 more…",Neutral,0.9999169111251831
Decrypt,BlackRock CEO Larry Fink: Bitcoin and Crypto 'Serve Same Purpose as Gold',BlackRock’s CEO walked back 2017 comments on Bitcoin in a recent interview and said he now sees it as a legitimate alternative asset.,https://decrypt.co/344062/larry-fink-bitcoin-alternative-investment,2025-10-13 16:03:19+00:00,BlackRock CEO Larry Fink: Bitcoin and Crypto 'Serve Same Purpose as Gold'. BlackRock’s CEO walked back 2017 comments on Bitcoin in a recent interview and said he now sees it as a legitimate alternative asset.,Neutral,0.9999858140945435
The Times of India,"US stock markets surged sharply today, reversing Friday’s massive loss: Dow, S&P 500, Nasdaq stage comeback as Trump tempers China tariff talk — top stock pick today","US stock markets surged Monday. The Dow jumped 574 points, rebounding from Friday’s 1.05% loss. The S&P 500 and Nasdaq gained 1.1% and 1.5%, recovering after Friday’s sharp declines of 0.8% and 1.7%. President Trump eased tariff fears on China. Tech stocks le…",https://economictimes.indiatimes.com/news/international/us/us-stock-markets-surged-sharply-today-reversing-fridays-massive-loss-dow-sp-500-nasdaq-stage-comeback-as-trump-tempers-china-tariff-talk-top-stock-pick-today/articleshow/124530996.cms,2025-10-13 15:59:30+00:00,"US stock markets surged sharply today, reversing Friday’s massive loss: Dow, S&P 500, Nasdaq stage comeback as Trump tempers China tariff talk — top stock pick today. US stock markets surged Monday. The Dow jumped 574 points, rebounding from Friday’s 1.05% loss. The S&P 500 and Nasdaq gained 1.1% and 1.5%, recovering after Friday’s sharp declines of 0.8% and 1.7%. President Trump eased tariff fears on China. Tech stocks le…",Positive,0.9998297691345215
Yahoo Entertainment,"Tesla stock rebounds, EV maker announces Shanghai factory Q4 ramp up",Tesla stock rebounded on Monday along with the broader market as President Trump downplayed his recent tough talk on China. But Tesla is also making some...,https://finance.yahoo.com/news/tesla-stock-rebounds-ev-maker-announces-shanghai-factory-q4-ramp-up-153022053.html,2025-10-13 15:30:22+00:00,"Tesla stock rebounds, EV maker announces Shanghai factory Q4 ramp up. Tesla stock rebounded on Monday along with the broader market as President Trump downplayed his recent tough talk on China. But Tesla is also making some...",Positive,0.9985572695732117
Gizmodo.com,Elon Musk’s Boring Company Accused of Nearly 800 Environmental Violations on Las Vegas Project,"Nevada could’ve fined the company more than $3 million, but regulators are seeking a reduced penalty of $242,800, citing an “extraordinary number of violations.”",https://gizmodo.com/elon-musks-boring-company-accused-of-nearly-800-environmental-violations-on-las-vegas-project-2000671820,2025-10-13 15:15:01+00:00,"Elon Musk’s Boring Company Accused of Nearly 800 Environmental Violations on Las Vegas Project. Nevada could’ve fined the company more than $3 million, but regulators are seeking a reduced penalty of $242,800, citing an “extraordinary number of violations.”",Negative,0.9951825737953186
Barchart.com,Stocks Supported by Trade Hopes and Broadcom’s AI Deal,"The S&P 500 Index ($SPX ) (SPY ) today is up +1.18%, the Dow Jones Industrials Index ($DOWI ) (DIA ) is up +0.97%, and the Nasdaq 100 Index ($IUXX ) (QQQ...",https://www.barchart.com/story/news/35409014/stocks-supported-by-trade-hopes-and-broadcoms-ai-deal,2025-10-13 15:11:24+00:00,"Stocks Supported by Trade Hopes and Broadcom’s AI Deal. The S&P 500 Index ($SPX ) (SPY ) today is up +1.18%, the Dow Jones Industrials Index ($DOWI ) (DIA ) is up +0.97%, and the Nasdaq 100 Index ($IUXX ) (QQQ...",Positive,0.9940056800842285
Atxjetsetter.com,Air Serbia is Launching Flights Between Belgrade and Toronto,"Air Serbia is launching 2x weekly flights between Nikola Tesla Airport in Belgrade and Toronto Pearson International Airport in May 2026.
The post Air Serbia is Launching Flights Between Belgrade and Toronto appeared first on ATX Jetsetter.",https://atxjetsetter.com/post/air-serbia-is-launching-flights-between-belgrade-and-toronto/,2025-10-13 15:05:51+00:00,"Air Serbia is Launching Flights Between Belgrade and Toronto. Air Serbia is launching 2x weekly flights between Nikola Tesla Airport in Belgrade and Toronto Pearson International Airport in May 2026.
The post Air Serbia is Launching Flights Between Belgrade and Toronto appeared first on ATX Jetsetter.",Neutral,0.9999982118606567
Biztoc.com,"Bloom Energy, USA Rare Earth, Broadcom, Tesla And Other Big Stocks Moving Higher On Monday","U.S. stocks were higher, with the Dow Jones index gaining around 500 points on Monday.
Shares of Bloom Energy Corporation (NYSE:BE) rose sharply during Monday's session after the company announced a $5 billion partnership with Brookfield Asset Management Inc.…",https://biztoc.com/x/51ecfe8095c49c37,2025-10-13 14:54:00+00:00,"Bloom Energy, USA Rare Earth, Broadcom, Tesla And Other Big Stocks Moving Higher On Monday. U.S. stocks were higher, with the Dow Jones index gaining around 500 points on Monday.
Shares of Bloom Energy Corporation (NYSE:BE) rose sharply during Monday's session after the company announced a $5 billion partnership with Brookfield Asset Management Inc.…",Positive,0.9997138381004333
Yahoo Entertainment,Are Young Entrepreneurs Overhyped? 'The Press Loves To Sensationalize The Young Guys',"Teen entrepreneurs and business owners in their 20s are harder to find than entrepreneurs who are in their 30s, 40s, and 50s. However, this rarity has also...",https://finance.yahoo.com/news/young-entrepreneurs-overhyped-press-loves-144607213.html,2025-10-13 14:46:07+00:00,"Are Young Entrepreneurs Overhyped? 'The Press Loves To Sensationalize The Young Guys'. Teen entrepreneurs and business owners in their 20s are harder to find than entrepreneurs who are in their 30s, 40s, and 50s. However, this rarity has also...",Negative,0.9914876222610474
Biztoc.com,"Here are Monday's biggest analyst calls: Nvidia, Apple, Tesla, AMD, Estee Lauder, Oracle, Yelp & more","Access Denied
You don't have permission to access ""http://www.cnbc.com/2025/10/13/monday-stocks-from-analyst-calls-like-nvidia.html"" on this server.
Reference #18.c607d417.1760365894.aedfb453
https://errors.edgesuite.net/18.c607d417.1760365894.aedfb453",https://biztoc.com/x/334b74aa005227ed,2025-10-13 14:31:50+00:00,"Here are Monday's biggest analyst calls: Nvidia, Apple, Tesla, AMD, Estee Lauder, Oracle, Yelp & more. Access Denied
You don't have permission to access ""http://www.cnbc.com/2025/10/13/monday-stocks-from-analyst-calls-like-nvidia.html"" on this server.
Reference #18.c607d417.1760365894.aedfb453
https://errors.edgesuite.net/18.c607d417.1760365894.aedfb453",Neutral,0.9997885823249817
Hip-Hop Wired,"Um, Ok: Meek Mill Asks How He Can Get Promo Like D4vd For His Next Album",Meek says the darnest things..,https://hiphopwired.com/2868359/meek-mill-d4vd/,2025-10-13 14:30:42+00:00,"Um, Ok: Meek Mill Asks How He Can Get Promo Like D4vd For His Next Album. Meek says the darnest things..",Neutral,0.9997959733009338
Insurance Journal,US Probes Driver Assistance Software in 2.9 Million Tesla Vehicles Over Traffic Violations,The U.S. National Highway Traffic Safety Administration said on Thursday that it is opening an investigation into 2.88 million Tesla vehicles equipped with its Full Self-Driving system over more than 50 reports of traffic-safety violations and a series of cra…,https://www.insurancejournal.com/news/national/2025/10/13/843431.htm,2025-10-13 14:22:56+00:00,US Probes Driver Assistance Software in 2.9 Million Tesla Vehicles Over Traffic Violations. The U.S. National Highway Traffic Safety Administration said on Thursday that it is opening an investigation into 2.88 million Tesla vehicles equipped with its Full Self-Driving system over more than 50 reports of traffic-safety violations and a series of cra…,Neutral,0.784047544002533
Electrek,Toyota’s best-selling car may finally go electric: Here’s our first look at the Corolla EV,"A fully electric Corolla? Toyota’s best-selling car of all time looks to be finally going electric after the automaker previewed the Corolla EV for the first time.



 more…",http://electrek.co/2025/10/13/toyotas-best-selling-car-electric/,2025-10-13 14:20:35+00:00,"Toyota’s best-selling car may finally go electric: Here’s our first look at the Corolla EV. A fully electric Corolla? Toyota’s best-selling car of all time looks to be finally going electric after the automaker previewed the Corolla EV for the first time.



 more…",Neutral,0.9782877564430237
Biztoc.com,"As Tesla Kicks Off Cybertruck Sales in Qatar, Should You Buy, Sell, or Hold TSLA Stock?","Join Barchart Premier to get Screeners that run automatically with the results emailed to you!
FREE 30 Day Trial
- Market Pulse
- VolatilityVolume & Open InterestHorizontal StrategiesButterfly Strategies
-
- Market PulseResourcesEuropean FuturesEuropean Group…",https://biztoc.com/x/8fba9b8088e3fac5,2025-10-13 14:09:34+00:00,"As Tesla Kicks Off Cybertruck Sales in Qatar, Should You Buy, Sell, or Hold TSLA Stock?. Join Barchart Premier to get Screeners that run automatically with the results emailed to you!
FREE 30 Day Trial
- Market Pulse
- VolatilityVolume & Open InterestHorizontal StrategiesButterfly Strategies
-
- Market PulseResourcesEuropean FuturesEuropean Group…",Neutral,0.9998618364334106
Barchart.com,Stocks Rebound as President Trump Softens China Rhetoric,"The S&P 500 Index ($SPX ) (SPY ) today is up +1.22%, the Dow Jones Industrials Index ($DOWI ) (DIA ) is up +0.91%, and the Nasdaq 100 Index ($IUXX ) (QQQ...",https://www.barchart.com/story/news/35407923/stocks-rebound-as-president-trump-softens-china-rhetoric,2025-10-13 14:04:26+00:00,"Stocks Rebound as President Trump Softens China Rhetoric. The S&P 500 Index ($SPX ) (SPY ) today is up +1.22%, the Dow Jones Industrials Index ($DOWI ) (DIA ) is up +0.91%, and the Nasdaq 100 Index ($IUXX ) (QQQ...",Positive,0.9999985694885254
Barchart.com,"As Tesla Kicks Off Cybertruck Sales in Qatar, Should You Buy, Sell, or Hold TSLA Stock?","Tesla’s Middle East push underscores its global expansion strategy. But with mixed analyst sentiment, is this move a breakout or a breather?",https://www.barchart.com/story/news/35407684/as-tesla-kicks-off-cybertruck-sales-in-qatar-should-you-buy-sell-or-hold-tsla-stock,2025-10-13 14:00:02+00:00,"As Tesla Kicks Off Cybertruck Sales in Qatar, Should You Buy, Sell, or Hold TSLA Stock?. Tesla’s Middle East push underscores its global expansion strategy. But with mixed analyst sentiment, is this move a breakout or a breather?",Positive,0.46721428632736206
Biztoc.com,Tesla To $300? Here Are 10 Top Analyst Forecasts For Monday,"Top Wall Street analysts changed their outlook on these top names. For a complete view of all analyst rating changes, including upgrades and downgrades, please see our analyst ratings page.
Susquehanna raised GE Vernova Inc. (NYSE:GEV) price target from $736 …",https://biztoc.com/x/424fe49632100909,2025-10-13 13:58:13+00:00,"Tesla To $300? Here Are 10 Top Analyst Forecasts For Monday. Top Wall Street analysts changed their outlook on these top names. For a complete view of all analyst rating changes, including upgrades and downgrades, please see our analyst ratings page.
Susquehanna raised GE Vernova Inc. (NYSE:GEV) price target from $736 …",Neutral,0.9898281097412109
Yahoo Entertainment,"Factbox-From OpenAI to Meta, firms channel billions into AI infrastructure as demand booms","The companies said OpenAI would design the chips, which Broadcom will develop and deploy starting in the second half of 2026.  AMD agreed to supply...",https://finance.yahoo.com/news/factbox-openai-meta-firms-channel-135446827.html,2025-10-13 13:54:46+00:00,"Factbox-From OpenAI to Meta, firms channel billions into AI infrastructure as demand booms. The companies said OpenAI would design the chips, which Broadcom will develop and deploy starting in the second half of 2026.  AMD agreed to supply...",Neutral,0.9999659061431885
The Irish Times,‘The Stella show’: the executive at the heart of BYD’s global push,Stella Li is steering the Chinese carmaker through price wars at home and tariffs abroad in its pursuit of EV dominance,https://www.irishtimes.com/business/2025/10/13/the-stella-show-the-executive-at-the-heart-of-byds-global-push/,2025-10-13 13:52:17+00:00,‘The Stella show’: the executive at the heart of BYD’s global push. Stella Li is steering the Chinese carmaker through price wars at home and tariffs abroad in its pursuit of EV dominance,Neutral,0.9127134680747986
Biztoc.com,One of the Best Growth Stocks to Buy Now?,"Tesla Inc. (NASDAQ:TSLA) is one of the best growth stocks to buy now. On October 9, RBC Capital analyst Tom Narayan maintained a Buy rating on Tesla and set a price target of $500.00. This rating came ahead of the company’s Q3 2025 earnings report. As for Q2,…",https://biztoc.com/x/c5c31862904ef3ba,2025-10-13 13:47:56+00:00,"One of the Best Growth Stocks to Buy Now?. Tesla Inc. (NASDAQ:TSLA) is one of the best growth stocks to buy now. On October 9, RBC Capital analyst Tom Narayan maintained a Buy rating on Tesla and set a price target of $500.00. This rating came ahead of the company’s Q3 2025 earnings report. As for Q2,…",Positive,0.9999986886978149
Electrek,"Bigger, badder Section 179 tax credit could POWER UP fleet electrification efforts","After the Commercial Clean Vehicle Credit (Section 45W) expired on September 30, the “experts” rushed out predictions of an EV sales slowdown in Q4. But, with over 6,800 pages in the Internal Revenue Code still in play, a turbocharged Section 179 tax credit c…",http://electrek.co/2025/10/13/bigger-badder-section-179-tax-credit-could-power-up-fleet-electrification-efforts/,2025-10-13 13:45:29+00:00,"Bigger, badder Section 179 tax credit could POWER UP fleet electrification efforts. After the Commercial Clean Vehicle Credit (Section 45W) expired on September 30, the “experts” rushed out predictions of an EV sales slowdown in Q4. But, with over 6,800 pages in the Internal Revenue Code still in play, a turbocharged Section 179 tax credit c…",Negative,0.9815714955329895
Yahoo Entertainment,Oracle Event Is Chance to Show $400 Billion Stock Rally Has Legs,"The software maker is hosting a four-day AI World conference starting Monday in Las Vegas, where much of the focus will be on Oracle’s cloud computing...",https://finance.yahoo.com/news/oracle-event-chance-show-370-103500327.html,2025-10-13 13:41:21+00:00,"Oracle Event Is Chance to Show $400 Billion Stock Rally Has Legs. The software maker is hosting a four-day AI World conference starting Monday in Las Vegas, where much of the focus will be on Oracle’s cloud computing...",Neutral,0.9972987771034241
Breitbart News,Elon's Flop: Tesla Cybertruck Sales Plummet 62%,"Tesla has suffered a massive drop in Cybertruck sales, with Elon Musk's EV giant struggling to find a market for its pickup truck. Musk once boasted that the company could produce 250,000 Cybertrucks a year, but it sold only 5,400 trucks last quarter.
The pos…",https://www.breitbart.com/tech/2025/10/13/elons-flop-tesla-cybertruck-sales-plummet-62/,2025-10-13 13:41:17+00:00,"Elon's Flop: Tesla Cybertruck Sales Plummet 62%. Tesla has suffered a massive drop in Cybertruck sales, with Elon Musk's EV giant struggling to find a market for its pickup truck. Musk once boasted that the company could produce 250,000 Cybertrucks a year, but it sold only 5,400 trucks last quarter.
The pos…",Negative,0.999994158744812
Electrek,Elon Musk’s SpaceX and xAI are buying Tesla’s unsold Cybertrucks,"Hundreds of Tesla Cybertrucks have been spotted being delivered Elon Musk’s private companies, SpaceX and xAI, as Tesla is having issues selling the electric pickup truck.



 more…",http://electrek.co/2025/10/13/elon-musks-spacex-and-xai-are-buying-teslas-unsold-cybertrucks/,2025-10-13 13:39:24+00:00,"Elon Musk’s SpaceX and xAI are buying Tesla’s unsold Cybertrucks. Hundreds of Tesla Cybertrucks have been spotted being delivered Elon Musk’s private companies, SpaceX and xAI, as Tesla is having issues selling the electric pickup truck.



 more…",Negative,0.9865463972091675
Yahoo Entertainment,Is Tesla (TSLA) One of the Best Growth Stocks to Buy Now?,"Tesla Inc. (NASDAQ:TSLA) is one of the best growth stocks to buy now. On October 9, RBC Capital analyst Tom Narayan maintained a Buy rating on Tesla and set ...",https://finance.yahoo.com/news/tesla-tsla-one-best-growth-132849284.html,2025-10-13 13:28:49+00:00,"Is Tesla (TSLA) One of the Best Growth Stocks to Buy Now?. Tesla Inc. (NASDAQ:TSLA) is one of the best growth stocks to buy now. On October 9, RBC Capital analyst Tom Narayan maintained a Buy rating on Tesla and set ...",Positive,0.9999997615814209
Biztoc.com,Marc Andreessen Backs Call For Elon Musk To Spearhead $10 Trillion US Re-Industrialization Plan: 'This Is The Way',"Prominent tech investor, Marc Andreessen, expressed support for a suggestion for Tesla (NASDAQ:TSLA) CEO, Elon Musk to lead a $10 trillion program to reindustrialize America.
Andreessen Agrees Musk Should Lead Massive US Reindustrialization
Andreessen respond…",https://biztoc.com/x/4d90ea81accdf85f,2025-10-13 13:13:48+00:00,"Marc Andreessen Backs Call For Elon Musk To Spearhead $10 Trillion US Re-Industrialization Plan: 'This Is The Way'. Prominent tech investor, Marc Andreessen, expressed support for a suggestion for Tesla (NASDAQ:TSLA) CEO, Elon Musk to lead a $10 trillion program to reindustrialize America.
Andreessen Agrees Musk Should Lead Massive US Reindustrialization
Andreessen respond…",Neutral,0.918038010597229
New York Post,"Dow futures soar 400 points after Trump, Vance calm markets over China trade war fears","Futures tied to the Dow Jones Industrial Average rose 0.8% to 46,054, while S&P 500 futures jumped 1.1% and Nasdaq 100 futures climbed 1.5%.",https://nypost.com/2025/10/13/business/dow-futures-soar-400-points-after-trump-vance-calm-markets-over-china/,2025-10-13 13:11:27+00:00,"Dow futures soar 400 points after Trump, Vance calm markets over China trade war fears. Futures tied to the Dow Jones Industrial Average rose 0.8% to 46,054, while S&P 500 futures jumped 1.1% and Nasdaq 100 futures climbed 1.5%.",Positive,0.9999853372573853
CNBC,Jim Cramer: The No. 1 thing 'people who are young should do with their money',"Jim Cramer, the host of CNBC's ""Mad Money,"" says everyone needs a flyer or two in their stock portfolio.",https://www.cnbc.com/2025/10/13/jim-cramer-top-stock-portfolio-building-strategy-for-young-people.html,2025-10-13 13:05:01+00:00,"Jim Cramer: The No. 1 thing 'people who are young should do with their money'. Jim Cramer, the host of CNBC's ""Mad Money,"" says everyone needs a flyer or two in their stock portfolio.",Neutral,0.9998857975006104
The Times of India,"Maharashtra lifts stay on hiring university faculty, changes rules to end crunch","Maharashtra has reformed public university recruitment, reducing interview weightage to 25% and increasing academic and research scores to 75%. This aims for transparent, merit-based appointments to fill over 11,000 vacant teaching posts. Revised rules align …",https://timesofindia.indiatimes.com/city/mumbai/maharashtra-lifts-stay-on-hiring-university-faculty-changes-rules-to-end-crunch/articleshow/124527976.cms,2025-10-13 13:01:45+00:00,"Maharashtra lifts stay on hiring university faculty, changes rules to end crunch. Maharashtra has reformed public university recruitment, reducing interview weightage to 25% and increasing academic and research scores to 75%. This aims for transparent, merit-based appointments to fill over 11,000 vacant teaching posts. Revised rules align …",Neutral,0.9360148310661316
The Times of India,Samsung set for highest Q3 profit in three years as AI demand lifts chip prices,"The world's biggest maker of memory chips is projected to report an operating profit of 10.1 trillion won ($7.11 billion) for the July-September period, according to LSEG SmartEstimate from 31 analysts, which is weighted toward those who are more consistently…",https://economictimes.indiatimes.com/tech/technology/samsung-set-for-highest-q3-profit-in-three-years-as-ai-demand-lifts-chip-prices/articleshow/124528160.cms,2025-10-13 12:59:03+00:00,"Samsung set for highest Q3 profit in three years as AI demand lifts chip prices. The world's biggest maker of memory chips is projected to report an operating profit of 10.1 trillion won ($7.11 billion) for the July-September period, according to LSEG SmartEstimate from 31 analysts, which is weighted toward those who are more consistently…",Positive,1.0
The Times of India,Former IPS officer obtains NRC to contest as independent candidate in Araria,"Former IPS officer Shivdeep Lande, known as 'super cop', is contesting assembly elections from Araria and Jamalpur as an independent candidate after taking voluntary retirement. He obtained a non-resident certificate for Araria, where he previously served as …",https://timesofindia.indiatimes.com/city/patna/former-ips-officer-obtains-nrc-to-contest-as-independent-candidate-in-araria/articleshow/124527954.cms,2025-10-13 12:51:56+00:00,"Former IPS officer obtains NRC to contest as independent candidate in Araria. Former IPS officer Shivdeep Lande, known as 'super cop', is contesting assembly elections from Araria and Jamalpur as an independent candidate after taking voluntary retirement. He obtained a non-resident certificate for Araria, where he previously served as …",Neutral,0.9997180104255676
Biztoc.com,"Stocks to Watch Monday: Fastenal, Tesla, JPMorgan, Warner Bros",,https://biztoc.com/x/d3e2a1803917ac88,2025-10-13 12:51:45+00:00,"Stocks to Watch Monday: Fastenal, Tesla, JPMorgan, Warner Bros",Neutral,0.9999802112579346
The Times of India,Doon's eye surgeon takes charge as president of North Zone Ophthalmic Society of India,"In his address, Dr Luthra said he would focus on strengthening member engagement and promoting professional development. “Our aim is to make the society a stronger platform for collaboration, research, and continuous improvement in eye care,” he said.",https://timesofindia.indiatimes.com/city/dehradun/doons-eye-surgeon-takes-charge-as-president-of-north-zone-ophthalmic-society-of-india/articleshow/124527747.cms,2025-10-13 12:49:54+00:00,"Doon's eye surgeon takes charge as president of North Zone Ophthalmic Society of India. In his address, Dr Luthra said he would focus on strengthening member engagement and promoting professional development. “Our aim is to make the society a stronger platform for collaboration, research, and continuous improvement in eye care,” he said.",Positive,0.9988341927528381
Biztoc.com,"Stock Market Today: Dow Jumps On Trump Tariff Comments; Nvidia, Tesla Rebound (Live Coverage)","Futures for the Dow Jones Industrial Average and the other major stock indexes traded sharply higher Monday after President Donald Trump warmed up to China with his latest comments on tariffs. Meanwhile, Nvidia (NVDA) and Tesla (TSLA) were early winners on th…",https://biztoc.com/x/ee6fa9be3ceb7d99,2025-10-13 12:30:05+00:00,"Stock Market Today: Dow Jumps On Trump Tariff Comments; Nvidia, Tesla Rebound (Live Coverage). Futures for the Dow Jones Industrial Average and the other major stock indexes traded sharply higher Monday after President Donald Trump warmed up to China with his latest comments on tariffs. Meanwhile, Nvidia (NVDA) and Tesla (TSLA) were early winners on th…",Positive,0.9066776633262634
The Times of India,"AMD stock skyrockets 7,000% under Lisa Su, yet her net worth is still a fraction of Nvidia CEO Jensen Huang's - here's the reason","AMD’s stock has gone up a lot under CEO Lisa Su, making the company very valuable in the tech world. Even with this huge success, her personal wealth is much smaller than Nvidia CEO Jensen Huang’s. The story shows how company founders often become richer beca…",https://economictimes.indiatimes.com/news/international/us/amd-stock-skyrockets-7000-under-lisa-su-yet-her-net-worth-is-still-a-fraction-of-nvidia-ceo-jensen-huangs-heres-the-reason/articleshow/124526718.cms,2025-10-13 12:18:05+00:00,"AMD stock skyrockets 7,000% under Lisa Su, yet her net worth is still a fraction of Nvidia CEO Jensen Huang's - here's the reason. AMD’s stock has gone up a lot under CEO Lisa Su, making the company very valuable in the tech world. Even with this huge success, her personal wealth is much smaller than Nvidia CEO Jensen Huang’s. The story shows how company founders often become richer beca…",Positive,0.9998476505279541
MIT Technology Review,"The Download: planet hunting, and India’s e-scooters","This is today’s edition of The Download, our weekday newsletter that provides a daily dose of what’s going on in the world of technology. An Earthling’s guide to planet hunting The pendant on Rebecca Jensen-Clem’s necklace is composed of 36 silver hexagons en…",https://www.technologyreview.com/2025/10/13/1125657/the-download-planet-hunting-and-indias-e-scooters/,2025-10-13 12:11:53+00:00,"The Download: planet hunting, and India’s e-scooters. This is today’s edition of The Download, our weekday newsletter that provides a daily dose of what’s going on in the world of technology. An Earthling’s guide to planet hunting The pendant on Rebecca Jensen-Clem’s necklace is composed of 36 silver hexagons en…",Neutral,0.9999994039535522
SFGate,Newsom vetoes bills that could have saved Californians $550 million per year,Critics of Newsom's decision point out his relationship with PG&E.,https://www.sfgate.com/california/article/newsom-vetoes-bills-saved-californians-550-million-21093209.php,2025-10-13 12:00:18+00:00,Newsom vetoes bills that could have saved Californians $550 million per year. Critics of Newsom's decision point out his relationship with PG&E.,Neutral,0.9998719692230225
The Space Review,The other space race: why the world is obsessed with sending objects into orbit,"People have sent a wide range of unusual objects into space in recent years, from a car to a model of a Buddhist temple. Tony Milligan examines what motivates those efforts.",https://www.thespacereview.com/article/5077/1,2025-10-13 11:57:00+00:00,"The other space race: why the world is obsessed with sending objects into orbit. People have sent a wide range of unusual objects into space in recent years, from a car to a model of a Buddhist temple. Tony Milligan examines what motivates those efforts.",Neutral,0.9999399185180664
The Times of India,Avneet Kaur celebrates her 24th birthday by paying a visit to Mahakal temple in Ujjain,"Indian actress Avneet Kaur celebrated her 24th birthday with a spiritual visit to the Mahakal Temple in Ujjain. She shared photos on Instagram, expressing gratitude to Lord Shiva. Kaur, known for her television and film roles, opted for a traditional pink out…",https://timesofindia.indiatimes.com/tv/news/hindi/avneet-kaur-celebrates-her-24th-birthday-by-paying-a-visit-to-mahakal-temple-in-ujjain/articleshow/124524160.cms,2025-10-13 11:53:20+00:00,"Avneet Kaur celebrates her 24th birthday by paying a visit to Mahakal temple in Ujjain. Indian actress Avneet Kaur celebrated her 24th birthday with a spiritual visit to the Mahakal Temple in Ujjain. She shared photos on Instagram, expressing gratitude to Lord Shiva. Kaur, known for her television and film roles, opted for a traditional pink out…",Neutral,0.9999957084655762
Biztoc.com,"These Stocks Are Moving the Most Today: MP Materials, Nvidia, AMD, Tesla, Alibaba, Fastenal, and More",,https://biztoc.com/x/601ce35c4f39c65c,2025-10-13 11:45:40+00:00,"These Stocks Are Moving the Most Today: MP Materials, Nvidia, AMD, Tesla, Alibaba, Fastenal, and More",Neutral,0.999955415725708
Forbes,Why Tesla Stock Soared 32% Recently,"From quantitative point of view, The 31.9% change in Tesla stock from 7/12/2025 to 10/10/2025 was primarily driven by a 37.0% change in the company’s P/E Multiple.",https://www.forbes.com/sites/greatspeculations/2025/10/13/why-tesla-stock-soared-32-recently/,2025-10-13 11:34:01+00:00,"Why Tesla Stock Soared 32% Recently. From quantitative point of view, The 31.9% change in Tesla stock from 7/12/2025 to 10/10/2025 was primarily driven by a 37.0% change in the company’s P/E Multiple.",Neutral,0.9999696016311646
Biztoc.com,Tesla Stock Bounces Back. Why It’s Rallying After Trump’s China Trade Scare,,https://biztoc.com/x/4f83d61bbd53ea08,2025-10-13 11:33:46+00:00,Tesla Stock Bounces Back. Why It’s Rallying After Trump’s China Trade Scare,Negative,0.7371314167976379
The Times of India,"U.S. stock market futures soar after $2 trillion market wipeout last week as Trump softens China stance — Dow, S&P 500, Nasdaq surge; Tech giants AMD and Nvidia lead premarket recovery","U.S. stock market futures soared Monday, rebounding after a $2 trillion wipeout last week. President Donald Trump’s softer tone on China trade tensions boosted investor sentiment. Dow futures jumped over 400 points, while S&P 500 and Nasdaq futures climbed sh…",https://economictimes.indiatimes.com/news/international/us/u-s-stock-market-futures-soar-after-2-trillion-market-wipeout-last-week-as-trump-softens-china-stance-dow-sp-500-nasdaq-surge-tech-giants-amd-and-nvidia-lead-premarket-recovery-as-investors-bet-u-s-china-tensions-may-cool/articleshow/124525386.cms,2025-10-13 11:24:30+00:00,"U.S. stock market futures soar after $2 trillion market wipeout last week as Trump softens China stance — Dow, S&P 500, Nasdaq surge; Tech giants AMD and Nvidia lead premarket recovery. U.S. stock market futures soared Monday, rebounding after a $2 trillion wipeout last week. President Donald Trump’s softer tone on China trade tensions boosted investor sentiment. Dow futures jumped over 400 points, while S&P 500 and Nasdaq futures climbed sh…",Positive,0.9999948740005493
Biztoc.com,Tesla Keeps Promising an Affordable EV. It’s Most Loyal Fans Are Finally Giving Up Hope,The new ‘Standard’ models leave a lot to be desired for Tesla’s fans.,https://biztoc.com/x/e940f20f62d62626,2025-10-13 11:23:15+00:00,Tesla Keeps Promising an Affordable EV. It’s Most Loyal Fans Are Finally Giving Up Hope. The new ‘Standard’ models leave a lot to be desired for Tesla’s fans.,Positive,0.9999833106994629
Yahoo Entertainment,EV makers fill tax-credit void with costly discounts,"Many automakers are digging into their own coffers for big discounts to keep EV inventory moving, and several brands have introduced models with prices more ...",https://finance.yahoo.com/news/ev-makers-fill-tax-credit-110000432.html,2025-10-13 11:00:00+00:00,"EV makers fill tax-credit void with costly discounts. Many automakers are digging into their own coffers for big discounts to keep EV inventory moving, and several brands have introduced models with prices more ...",Neutral,0.895738422870636
Fortune,The search for corporate America’s next Fortune 500 CEOs,"Fortune is now accepting nominations for the 2026 Next to Lead list, recognizing executives who will shape the next era of business.",https://fortune.com/article/search-corporate-americas-next-ceo-fortune-50/,2025-10-13 10:59:12+00:00,"The search for corporate America’s next Fortune 500 CEOs. Fortune is now accepting nominations for the 2026 Next to Lead list, recognizing executives who will shape the next era of business.",Neutral,0.9878453612327576
Business Insider,The world's 10 richest people lost nearly $70 billion in Friday's market rout,"Elon Musk, Jeff Bezos, and Mark Zuckerberg led the wealth declines on Friday as fresh fears of a trade war hammered stocks.",https://www.businessinsider.com/rich-list-trump-trade-war-musk-bezos-zuck-ai-stocks-2025-10,2025-10-13 10:45:50+00:00,"The world's 10 richest people lost nearly $70 billion in Friday's market rout. Elon Musk, Jeff Bezos, and Mark Zuckerberg led the wealth declines on Friday as fresh fears of a trade war hammered stocks.",Negative,0.9997510313987732
Salon,Pam Bondi is Trump’s mean girl,Imagine if Regina George grew up to cover up for a fascist,https://www.salon.com/2025/10/13/pam-bondi-is-trumps-mean-girl/,2025-10-13 10:45:03+00:00,Pam Bondi is Trump’s mean girl. Imagine if Regina George grew up to cover up for a fascist,Neutral,0.9996833801269531
Notebookcheck.net,Xiaomi SU7 Ultra crash prompts renewed scrutiny of flush door handles and first responder access,"A second deadly incident with the SU7 electric sedan has sent Xiaomi's shares tumbling. A fast SU7 Ultra supercar has crashed, and bystanders couldn't pull the driver out.",https://www.notebookcheck.net/Xiaomi-SU7-Ultra-crash-prompts-renewed-scrutiny-of-flush-door-handles-and-first-responder-access.1137252.0.html,2025-10-13 10:41:00+00:00,"Xiaomi SU7 Ultra crash prompts renewed scrutiny of flush door handles and first responder access. A second deadly incident with the SU7 electric sedan has sent Xiaomi's shares tumbling. A fast SU7 Ultra supercar has crashed, and bystanders couldn't pull the driver out.",Negative,0.9999607801437378
GlobeNewswire,USA Battery Energy Storage System Outlook to 2029,"Key market opportunities in the USA Battery Energy Storage System sector include the expansion of the electric vehicle market, which allows EVs to serve as mobile energy storage units, and the development of smart grid technologies that improve energy managem…",https://www.globenewswire.com/news-release/2025/10/13/3165402/28124/en/USA-Battery-Energy-Storage-System-Outlook-to-2029.html,2025-10-13 10:38:00+00:00,"USA Battery Energy Storage System Outlook to 2029. Key market opportunities in the USA Battery Energy Storage System sector include the expansion of the electric vehicle market, which allows EVs to serve as mobile energy storage units, and the development of smart grid technologies that improve energy managem…",Positive,0.9999977350234985
Just-auto.com,Nissan to launch new Leaf BEV in Japan,Targets higher domestic sales with improved battery performance.,https://www.just-auto.com/news/nissan-to-launch-new-leaf-bev-in-japan/,2025-10-13 10:34:38+00:00,Nissan to launch new Leaf BEV in Japan. Targets higher domestic sales with improved battery performance.,Positive,1.0
The Times of India,"AI to now manage Rs 6,000 crore fund, all analysts fired. Is the future of high-skilled human jobs at risk?","A San Francisco-based venture capital firm, Davidovs Venture Collective (DVC), has replaced its entire team of human analysts with artificial intelligence to manage a Rs 6,000 crore fund focused on AI startups. The firm’s AI tools now handle investment sourci…",https://economictimes.indiatimes.com/magazines/panache/ai-to-now-manage-rs-6000-crore-fund-all-analysts-fired-is-the-future-of-high-skilled-human-jobs-at-risk/articleshow/124522369.cms,2025-10-13 10:33:33+00:00,"AI to now manage Rs 6,000 crore fund, all analysts fired. Is the future of high-skilled human jobs at risk?. A San Francisco-based venture capital firm, Davidovs Venture Collective (DVC), has replaced its entire team of human analysts with artificial intelligence to manage a Rs 6,000 crore fund focused on AI startups. The firm’s AI tools now handle investment sourci…",Neutral,0.9999903440475464
Biztoc.com,"Tesla's 'most affordable' EVs still cost more than $35,000. These policies may be why","Tesla's price point for its ""more affordable"" models was not as low as many had hoped.
Tesla
There may be policy reasons why Tesla's new, cheaper models are not as affordable as many had hoped.
Tesla's cheaper models are still pricier than what the flagships …",https://biztoc.com/x/7e180d720e5b1f5e,2025-10-13 10:27:40+00:00,"Tesla's 'most affordable' EVs still cost more than $35,000. These policies may be why. Tesla's price point for its ""more affordable"" models was not as low as many had hoped.
Tesla
There may be policy reasons why Tesla's new, cheaper models are not as affordable as many had hoped.
Tesla's cheaper models are still pricier than what the flagships …",Neutral,0.5370005965232849
Yahoo Entertainment,Stocks Priced Near Perfection as Analyst Profit Sentiment Wanes,A Citigroup Inc. index tracking US earnings revisions — the number of analysts upgrading versus downgrading estimates — has turned flat for the first time...,https://finance.yahoo.com/news/stocks-priced-near-perfection-analyst-102704846.html,2025-10-13 10:27:04+00:00,Stocks Priced Near Perfection as Analyst Profit Sentiment Wanes. A Citigroup Inc. index tracking US earnings revisions — the number of analysts upgrading versus downgrading estimates — has turned flat for the first time...,Neutral,0.953795313835144
Tistory.com,"이민법·관세에 광물·에너지 패권 뺐긴 트럼프 ""깨갱"" 했나","India’s “maximum city” has for long survived on minimum infrastructure.Now Mumbai is trying to change. What makes a great city, I asked @AshwiniBhide.Read #IndiaEdition https://t.co/abnZ0h9xPr— menaka doshi (@menakadoshi) October 9, 2025 India’s “digital ar…",https://ryueyes11.tistory.com/511929,2025-10-13 10:21:01+00:00,"이민법·관세에 광물·에너지 패권 뺐긴 트럼프 ""깨갱"" 했나. India’s “maximum city” has for long survived on minimum infrastructure.Now Mumbai is trying to change. What makes a great city, I asked @AshwiniBhide.Read #IndiaEdition https://t.co/abnZ0h9xPr— menaka doshi (@menakadoshi) October 9, 2025 India’s “digital ar…",Neutral,0.9999558925628662
CNN,Tesla’s self-driving tech keeps being investigated for safety violations. So why is it allowed? | CNN Business,"Federal safety regulators are once again looking into Tesla’s self-driving mode, the latest in a seemingly endless stream of investigations into the safety of the technology.",https://www.cnn.com/2025/10/13/business/tesla-self-driving-regulation,2025-10-13 10:17:28+00:00,"Tesla’s self-driving tech keeps being investigated for safety violations. So why is it allowed? | CNN Business. Federal safety regulators are once again looking into Tesla’s self-driving mode, the latest in a seemingly endless stream of investigations into the safety of the technology.",Neutral,0.9960880279541016
Biztoc.com,Tesla Cybertruck sales are stalling,"The Cybertruck has experienced disappointing sales since its launch in 2023.
Domenico Cippitelli/NurPhoto via Getty Images
Things are not going well for the Cybertruck.
Sales of Elon Musk's ""apocalypse-proof"" pickup truck fell 62% in the last quarter.
Musk on…",https://biztoc.com/x/31d38fcf0f79ee49,2025-10-13 10:16:22+00:00,"Tesla Cybertruck sales are stalling. The Cybertruck has experienced disappointing sales since its launch in 2023.
Domenico Cippitelli/NurPhoto via Getty Images
Things are not going well for the Cybertruck.
Sales of Elon Musk's ""apocalypse-proof"" pickup truck fell 62% in the last quarter.
Musk on…",Negative,0.9999998807907104
Business Insider,"Tesla's 'most affordable' EVs still cost more than $35,000. These policies may be why.","Tariff uncertainty, the lack of rare earth minerals in the US, and the undoing of clean energy credits may have kept prices up for Tesla's new models.",https://www.businessinsider.com/the-policies-behind-teslas-more-affordable-evs-kept-prices-higher-2025-10,2025-10-13 10:14:01+00:00,"Tesla's 'most affordable' EVs still cost more than $35,000. These policies may be why.. Tariff uncertainty, the lack of rare earth minerals in the US, and the undoing of clean energy credits may have kept prices up for Tesla's new models.",Negative,0.9986563920974731
Barchart.com,"Stocks Set to Open Sharply Higher as Trump Tempers Tariff Threats, Powell’s Remarks and Big Bank Earnings Awaited","December S&P 500 E-Mini futures (ESZ25) are up +1.38%, and December Nasdaq 100 E-Mini futures (NQZ25) are up +1.84% this morning, signaling a rebound from...",https://www.barchart.com/story/news/35402785/stocks-set-to-open-sharply-higher-as-trump-tempers-tariff-threats-powells-remarks-and-big-bank-earnings-awaited,2025-10-13 10:06:35+00:00,"Stocks Set to Open Sharply Higher as Trump Tempers Tariff Threats, Powell’s Remarks and Big Bank Earnings Awaited. December S&P 500 E-Mini futures (ESZ25) are up +1.38%, and December Nasdaq 100 E-Mini futures (NQZ25) are up +1.84% this morning, signaling a rebound from...",Positive,0.9994885921478271
Biztoc.com,"These Stocks Are Moving the Most Today: MP Materials, Nvidia, AMD, Tesla, Alibaba, AstraZeneca, and More",,https://biztoc.com/x/10e816e1451ba3a1,2025-10-13 10:05:15+00:00,"These Stocks Are Moving the Most Today: MP Materials, Nvidia, AMD, Tesla, Alibaba, AstraZeneca, and More",Neutral,0.9999369382858276
Business Insider,Tesla Cybertruck sales are stalling,"Tesla sold around 5,400 of Elon Musk's ""apocalypse-proof"" pickup trucks last quarter, down 62% from the same period last year.",https://www.businessinsider.com/tesla-cybertruck-sales-down-q3-elon-musk-2025-10,2025-10-13 10:04:24+00:00,"Tesla Cybertruck sales are stalling. Tesla sold around 5,400 of Elon Musk's ""apocalypse-proof"" pickup trucks last quarter, down 62% from the same period last year.",Negative,0.9999998807907104
Wired,New Rules Could Force Tesla to Redesign Its Door Handles. That’s Harder Than It Sounds,"Proposed regulations in China would mean the end of flush handles on car doors, with precious little time to roll out the changes.",https://www.wired.com/story/new-rules-could-force-tesla-to-redesign-its-door-handles-thats-harder-than-it-sounds/,2025-10-13 10:00:00+00:00,"New Rules Could Force Tesla to Redesign Its Door Handles. That’s Harder Than It Sounds. Proposed regulations in China would mean the end of flush handles on car doors, with precious little time to roll out the changes.",Neutral,0.9214097261428833
